{
  "type": "FeatureCollection",
  "features": [
    {
      "type": "Feature",
      "geometry": {
        "type": "Point",
        "coordinates": [
          53.382564,
          51.492998
        ]
      },
      "properties": {
        "id": "0D59FyxuYkD04aYvxD4v",
        "is_open": 2,
        "name": "Ilek / Aksay",
        "location": {
          "_latitude": 51.492998,
          "_longitude": 53.382564
        },
        "countries": "RUS-KAZ",
        "createdat": {
          "_seconds": 1764172688,
          "_nanoseconds": 701000000
        },
        "geohash": "v1juywpb",
        "updatedat": {
          "_seconds": 1769107905,
          "_nanoseconds": 309000000
        }
      }
    },
    {
      "type": "Feature",
      "geometry": {
        "type": "Point",
        "coordinates": [
          35.5409112,
          31.8738717
        ]
      },
      "properties": {
        "id": "0OWDO48nJ8OqAdSiNquA",
        "is_open": 3,
        "countries": "JOR-PSX",
        "location": {
          "_latitude": 31.8738717,
          "_longitude": 35.5409112
        },
        "name": "Allenby Bridge",
        "comment": "Only pedestrians (and bicycles) are allowed to cross, no motor vehicles.\nIf you'd like to visit Israel from Jordan, this is worth knowing:\nThis border is controlled by the Israelis, but they stamp you on a separate piece of paper, and on the Syrian side they don't stamp you out, so if you come back to Syria using this same border post, there will be no trace of your visit to Israel in your passport (which is important for some countries such as Iran or Sudan).\nNote that Jordanian visas are not available at this border: if you're crossing from Israel, you'll need to have purchased an e-visa beforehand.",
        "comment_translations": {
          "en": "Only pedestrians (and bicycles) are allowed to cross, no motor vehicles.\nIf you'd like to visit Israel from Jordan, this is worth knowing:\nThis border is controlled by the Israelis, but they stamp you on a separate piece of paper, and on the Syrian side they don't stamp you out, so if you come back to Syria using this same border post, there will be no trace of your visit to Israel in your passport (which is important for some countries such as Iran or Sudan).\nNote that Jordanian visas are not available at this border: if you're crossing from Israel, you'll need to have purchased an e-visa beforehand.",
          "fr": "Seuls les piétons (et les cyclistes) sont autorisés à franchir la frontière ; aucun véhicule motorisé n'est autorisé.\n\nSi vous souhaitez vous rendre en Israël depuis la Jordanie, voici quelques informations utiles :\n\nCette frontière est contrôlée par les Israéliens, mais un tampon est apposé sur un document séparé. Du côté syrien, aucun tampon n'est apposé sur votre passeport. Ainsi, si vous retournez en Syrie par ce même poste frontière, votre passage en Israël ne fera l'objet d'aucune mention dans votre passeport (ce qui est important pour certains pays comme l'Iran ou le Soudan).\n\nVeuillez noter que les visas jordaniens ne sont pas délivrés à cette frontière : si vous traversez la frontière depuis Israël, vous devez avoir obtenu un visa électronique au préalable.",
          "de": "Nur Fußgänger (und Fahrräder) dürfen die Grenze überqueren, Kraftfahrzeuge sind nicht erlaubt.\nWenn Sie von Jordanien nach Israel reisen möchten, sollten Sie Folgendes wissen: Die Grenze wird zwar von Israel kontrolliert, aber Ihr Einreisestempel wird auf einem separaten Blatt Papier angebracht. Auf syrischer Seite erhalten Sie keinen Ausreisestempel. Wenn Sie also über denselben Grenzübergang nach Syrien zurückkehren, findet sich kein Hinweis auf Ihren Israel-Besuch in Ihrem Pass (was für Länder wie Iran oder Sudan wichtig ist). Bitte beachten Sie, dass an dieser Grenze keine jordanischen Visa erhältlich sind. Wenn Sie aus Israel einreisen, benötigen Sie ein zuvor beantragtes E-Visum.",
          "it": "L'attraversamento è consentito solo ai pedoni (e alle biciclette), non ai veicoli a motore.\nSe desiderate visitare Israele dalla Giordania, è importante sapere questo:\nQuesto confine è controllato dagli israeliani, ma vi timbrano su un foglio di carta separato, e sul lato siriano non vi timbrano l'uscita, quindi se tornate in Siria passando per questo stesso valico di frontiera, non ci sarà traccia della vostra visita in Israele sul vostro passaporto (il che è importante per alcuni paesi come l'Iran o il Sudan).\nSi noti che i visti giordani non sono disponibili a questo confine: se attraversate da Israele, dovrete aver acquistato un visto elettronico in anticipo.",
          "es": "Solo se permite el cruce a peatones (y bicicletas), no a vehículos motorizados.\nSi desea visitar Israel desde Jordania, le conviene saber lo siguiente:\nEsta frontera está controlada por los israelíes, pero le sellan en un papel aparte, y en el lado sirio no le sellan la salida. Por lo tanto, si regresa a Siria por este mismo puesto fronterizo, no habrá rastro de su visita a Israel en su pasaporte (lo cual es importante para algunos países como Irán o Sudán).\nTenga en cuenta que no se ofrecen visados jordanos en esta frontera: si cruza desde Israel, deberá adquirir un visado electrónico con antelación.",
          "pt": "Somente pedestres (e bicicletas) podem atravessar, veículos motorizados não.\nSe você quiser visitar Israel vindo da Jordânia, é importante saber o seguinte:\nEsta fronteira é controlada pelos israelenses, mas eles carimbam seu passaporte em um papel separado, e do lado sírio eles não carimbam sua saída, então se você voltar para a Síria usando este mesmo posto de fronteira, não haverá nenhum registro da sua visita a Israel no seu passaporte (o que é importante para alguns países como Irã ou Sudão).\nObserve que vistos jordanianos não estão disponíveis nesta fronteira: se você estiver atravessando vindo de Israel, precisará ter comprado um visto eletrônico com antecedência.",
          "nl": "Alleen voetgangers (en fietsers) mogen de grens oversteken, geen motorvoertuigen.\n\nAls u vanuit Jordanië naar Israël wilt reizen, is het goed om te weten:\nDeze grens wordt gecontroleerd door de Israëliërs, maar ze stempelen u op een apart document. Aan de Syrische kant stempelen ze u niet uit, dus als u via dezelfde grenspost terugkeert naar Syrië, zal er geen spoor van uw bezoek aan Israël in uw paspoort staan (wat belangrijk is voor sommige landen zoals Iran of Soedan).\n\nLet op: Jordaanse visa zijn niet verkrijgbaar aan deze grens: als u vanuit Israël reist, moet u vooraf een e-visum hebben aangevraagd.",
          "pl": "Przejście przez granicę jest dozwolone tylko dla pieszych (i rowerzystów), pojazdy mechaniczne są zabronione.\nJeśli chcesz odwiedzić Izrael z Jordanii, warto wiedzieć:\nGranica ta jest kontrolowana przez Izraelczyków, ale pieczątka jest umieszczana na osobnej kartce papieru, a po stronie syryjskiej nie jest ona wydawana, więc jeśli wrócisz do Syrii przez ten sam punkt graniczny, w Twoim paszporcie nie będzie śladu Twojej wizyty w Izraelu (co jest ważne w przypadku niektórych krajów, takich jak Iran czy Sudan).\nPamiętaj, że wizy jordańskie nie są dostępne na tej granicy: jeśli przekraczasz granicę z Izraela, musisz wcześniej wykupić wizę elektroniczną.",
          "ru": "Пересечение границы разрешено только пешеходам (и велосипедистам), автомобили запрещены.\nЕсли вы хотите посетить Израиль из Иордании, стоит знать следующее:\nЭта граница контролируется Израилем, но они ставят штамп на отдельном листе бумаги, а на сирийской стороне штампа о выезде не ставят, поэтому, если вы вернетесь в Сирию через этот же пограничный пункт, в вашем паспорте не будет никаких следов вашего визита в Израиль (что важно для некоторых стран, таких как Иран или Судан).\nОбратите внимание, что иорданские визы на этой границе не выдаются: если вы пересекаете границу из Израиля, вам необходимо заранее приобрести электронную визу."
        },
        "geohash": "sv9m2f2n",
        "updatedat": {
          "_seconds": 1769107905,
          "_nanoseconds": 363000000
        }
      }
    },
    {
      "type": "Feature",
      "geometry": {
        "type": "Point",
        "coordinates": [
          87.2657375,
          26.4026803
        ]
      },
      "properties": {
        "id": "0mHxm75uJtqlK8XPSinT",
        "is_open": 2,
        "countries": "IND-NPL",
        "location": {
          "_latitude": 26.4026803,
          "_longitude": 87.2657375
        },
        "name": "Jogbani/Biratnagar",
        "geohash": "tuwn1y2y",
        "updatedat": {
          "_seconds": 1769107905,
          "_nanoseconds": 413000000
        }
      }
    },
    {
      "type": "Feature",
      "geometry": {
        "type": "Point",
        "coordinates": [
          22.590262,
          55.059774
        ]
      },
      "properties": {
        "id": "0ne78yZOO0KQI1mSyCLq",
        "is_open": 1,
        "name": "Pogranichnyy / Ramonishkyay",
        "location": {
          "_latitude": 55.059774,
          "_longitude": 22.590262
        },
        "countries": "LTU-RUS",
        "createdat": {
          "_seconds": 1764171462,
          "_nanoseconds": 100000000
        },
        "geohash": "u9b14p3d",
        "updatedat": {
          "_seconds": 1769107905,
          "_nanoseconds": 452000000
        }
      }
    },
    {
      "type": "Feature",
      "geometry": {
        "type": "Point",
        "coordinates": [
          71.5775203,
          36.7471011
        ]
      },
      "properties": {
        "id": "0q7EOL1JJVvB9RsygGGb",
        "is_open": 1,
        "name": "Ishkashim",
        "countries": "TJK-AFG",
        "location": {
          "_latitude": 36.7471011,
          "_longitude": 71.5775203
        },
        "geohash": "twdchc95",
        "updatedat": {
          "_seconds": 1769107905,
          "_nanoseconds": 470000000
        }
      }
    },
    {
      "type": "Feature",
      "geometry": {
        "type": "Point",
        "coordinates": [
          101.6824838,
          21.185879
        ]
      },
      "properties": {
        "id": "0qY7bEc3FDWjy3TrvOq6",
        "is_open": 2,
        "name": "Mohan/Boten",
        "countries": "CHN-LAO",
        "location": {
          "_latitude": 21.185879,
          "_longitude": 101.6824838
        },
        "comment": "Lao VOA available and eVisa accepted.",
        "comment_translations": {
          "en": "Lao VOA available and eVisa accepted.",
          "fr": "Le visa à l'arrivée pour le Laos est disponible et le visa électronique est accepté.",
          "de": "Laotisches Visum bei Ankunft erhältlich und eVisa werden akzeptiert.",
          "it": "Disponibile il visto d'ingresso per il Laos e accettati i visti elettronici.",
          "es": "VOA de Laos disponible y se acepta eVisa.",
          "pt": "Visto para o Laos disponível e visto eletrônico aceito.",
          "nl": "Een visum bij aankomst in Laos is beschikbaar en een e-visum wordt geaccepteerd.",
          "pl": "Dostępna jest usługa Lao VOA i akceptowane są wizy elektroniczne.",
          "ru": "Визы в Лаос при получении принимаются, также принимаются электронные визы."
        },
        "geohash": "w7b29bfb",
        "updatedat": {
          "_seconds": 1769107905,
          "_nanoseconds": 511000000
        }
      }
    },
    {
      "type": "Feature",
      "geometry": {
        "type": "Point",
        "coordinates": [
          55.7696578,
          24.233134
        ]
      },
      "properties": {
        "id": "0v4FWzEZCR51TGxHlQeR",
        "is_open": 1,
        "countries": "OMN-ARE",
        "location": {
          "_latitude": 24.233134,
          "_longitude": 55.7696578
        },
        "name": "Al Buraimi south",
        "geohash": "thr9v5d0",
        "updatedat": {
          "_seconds": 1769107905,
          "_nanoseconds": 552000000
        }
      }
    },
    {
      "type": "Feature",
      "geometry": {
        "type": "Point",
        "coordinates": [
          107.3737389,
          15.5414131
        ]
      },
      "properties": {
        "id": "19BGsVo5b66SehZfsygK",
        "is_open": 2,
        "name": "Dak Ta Ock/Nam Giang",
        "countries": "LAO-VNM",
        "location": {
          "_latitude": 15.5414131,
          "_longitude": 107.3737389
        },
        "comment": "Lao VOA not available and eVisa not accepted.\nVietnam eVisa not accepted.",
        "comment_translations": {
          "en": "Lao VOA not available and eVisa not accepted.\nVietnam eVisa not accepted.",
          "fr": "Le visa à l'arrivée pour le Laos n'est pas disponible et le visa électronique n'est pas accepté.\n\nLe visa électronique pour le Vietnam n'est pas accepté.",
          "de": "Laotische Visa bei Ankunft (VOA) und elektronische Visa (eVisa) werden nicht akzeptiert. Vietnamesische eVisa werden nicht akzeptiert.",
          "it": "Il visto elettronico per il Laos non è disponibile e il visto elettronico non è accettato.\nIl visto elettronico per il Vietnam non è accettato.",
          "es": "La VOA de Laos no está disponible y no se acepta la visa electrónica. No se acepta la visa electrónica de Vietnam.",
          "pt": "Visto de chegada (VOA) para o Laos não disponível e visto eletrônico (eVisa) não aceito.\nVisto eletrônico para o Vietnã não aceito.",
          "nl": "Visum bij aankomst in Laos niet beschikbaar en e-visum niet geaccepteerd.\n\ne-visum voor Vietnam niet geaccepteerd.",
          "pl": "Laotańska VOA niedostępna, a e-wizy nie są akceptowane.\nWietnamska e-wiza nie jest akceptowana.",
          "ru": "Лаосская виза по прибытии недоступна, электронная виза не принимается.\nВьетнамская электронная виза не принимается."
        },
        "geohash": "w6u27m5p",
        "updatedat": {
          "_seconds": 1769107905,
          "_nanoseconds": 569000000
        }
      }
    },
    {
      "type": "Feature",
      "geometry": {
        "type": "Point",
        "coordinates": [
          72.3415166,
          41.0483801
        ]
      },
      "properties": {
        "id": "1NKE2quODtPBVDDMNNLk",
        "is_open": 3,
        "name": "Madaniyat",
        "countries": "KGZ-UZB",
        "location": {
          "_latitude": 41.0483801,
          "_longitude": 72.3415166
        },
        "comment": "You can cross here on foot, or on bicycle, but motor vehicles are forbidden.",
        "comment_translations": {
          "en": "You can cross here on foot, or on bicycle, but motor vehicles are forbidden.",
          "fr": "Vous pouvez traverser ici à pied ou à vélo, mais les véhicules motorisés sont interdits.",
          "de": "Sie können die Straße zu Fuß oder mit dem Fahrrad überqueren, motorisierte Fahrzeuge sind jedoch verboten.",
          "it": "È possibile attraversare il lago a piedi o in bicicletta, ma i veicoli a motore sono vietati.",
          "es": "Se puede cruzar a pie o en bicicleta, pero los vehículos a motor están prohibidos.",
          "pt": "Você pode atravessar a pé ou de bicicleta, mas veículos motorizados são proibidos.",
          "nl": "Je kunt hier te voet of met de fiets oversteken, maar motorvoertuigen zijn verboden.",
          "pl": "Można tędy przejść pieszo lub rowerem, ale ruch pojazdów mechanicznych jest zabroniony.",
          "ru": "Здесь можно перейти дорогу пешком или на велосипеде, но движение автотранспорта запрещено."
        },
        "geohash": "tx73w0tk",
        "updatedat": {
          "_seconds": 1769107905,
          "_nanoseconds": 602000000
        }
      }
    },
    {
      "type": "Feature",
      "geometry": {
        "type": "Point",
        "coordinates": [
          103.7001715,
          14.435037
        ]
      },
      "properties": {
        "id": "1Q6vaLUnHW1Es3nDOJ9f",
        "is_open": 0,
        "name": "Chong Jom/O Smach",
        "countries": "THA-KHM",
        "location": {
          "_latitude": 14.435037,
          "_longitude": 103.7001715
        },
        "geohash": "w69dpgb4",
        "updatedat": {
          "_seconds": 1769107905,
          "_nanoseconds": 648000000
        }
      }
    },
    {
      "type": "Feature",
      "geometry": {
        "type": "Point",
        "coordinates": [
          114.8135744,
          4.7404993
        ]
      },
      "properties": {
        "id": "1RQqFDnlLC5P376oK6Gk",
        "is_open": 2,
        "name": "Kuala Lurah/Tedungan",
        "countries": "BRN-MYS",
        "location": {
          "_latitude": 4.7404993,
          "_longitude": 114.8135744
        },
        "geohash": "w8cduwux",
        "updatedat": {
          "_seconds": 1769107905,
          "_nanoseconds": 685000000
        }
      }
    },
    {
      "type": "Feature",
      "geometry": {
        "type": "Point",
        "coordinates": [
          56.201921,
          24.8074753
        ]
      },
      "properties": {
        "id": "1T7RELzq01PoJ8RABPHg",
        "is_open": 2,
        "comment": "Note: UAE demands 125 AED to stamp the carnet, all other border posts between Oman and UAE are free.",
        "countries": "ARE-OMN",
        "location": {
          "_latitude": 24.8074753,
          "_longitude": 56.201921
        },
        "name": "Hatta-Al Wajajajh",
        "comment_translations": {
          "en": "Note: UAE demands 125 AED to stamp the carnet, all other border posts between Oman and UAE are free.",
          "fr": "Remarque : Les Émirats arabes unis exigent 125 AED pour tamponner le carnet ATA ; tous les autres postes frontières entre Oman et les Émirats arabes unis sont gratuits.",
          "de": "Hinweis: Die VAE verlangen 125 AED für die Abstempelung des Carnets, alle anderen Grenzübergänge zwischen Oman und den VAE sind kostenlos.",
          "it": "Nota: gli Emirati Arabi Uniti richiedono 125 AED per timbrare il carnet; tutti gli altri valichi di frontiera tra Oman ed Emirati Arabi Uniti sono gratuiti.",
          "es": "Nota: Los Emiratos Árabes Unidos exigen 125 AED para sellar el carnet, todos los demás puestos fronterizos entre Omán y los Emiratos Árabes Unidos son gratuitos.",
          "pt": "Observação: Os Emirados Árabes Unidos cobram 125 AED para carimbar o Carnet de Fronteira; todos os outros postos de fronteira entre Omã e os Emirados Árabes Unidos são gratuitos.",
          "nl": "Let op: de VAE vragen 125 AED voor het afstempelen van het carnet; alle andere grensposten tussen Oman en de VAE zijn gratis.",
          "pl": "Uwaga: ZEA żądają opłaty 125 AED za podstemplowanie karnetu, na wszystkich innych przejściach granicznych między Omanem i ZEA opłata jest bezpłatna.",
          "ru": "Примечание: ОАЭ требуют 125 дирхамов ОАЭ за проставление штампа в карнете, на всех остальных пограничных пунктах между Оманом и ОАЭ вход бесплатный."
        },
        "geohash": "thrvnuhf",
        "updatedat": {
          "_seconds": 1769107905,
          "_nanoseconds": 703000000
        }
      }
    },
    {
      "type": "Feature",
      "geometry": {
        "type": "Point",
        "coordinates": [
          61.8212714,
          30.9681395
        ]
      },
      "properties": {
        "id": "1otZHxYJ3H4QMm4RnmOO",
        "is_open": 2,
        "name": "Milak / Zaranj",
        "countries": "IRN-AFG",
        "location": {
          "_latitude": 30.9681395,
          "_longitude": 61.8212714
        },
        "geohash": "tmebnv8f",
        "updatedat": {
          "_seconds": 1769107905,
          "_nanoseconds": 721000000
        }
      }
    },
    {
      "type": "Feature",
      "geometry": {
        "type": "Point",
        "coordinates": [
          101.8946038,
          5.8388222
        ]
      },
      "properties": {
        "id": "2GsgydjaHpd5uOAUcWvT",
        "is_open": "2",
        "name": "Bukit Bunga",
        "countries": "THA-MYS",
        "location": {
          "_latitude": 5.8388222,
          "_longitude": 101.8946038
        },
        "geohash": "w303nwvm",
        "updatedat": {
          "_seconds": 1769107905,
          "_nanoseconds": 755000000
        }
      }
    },
    {
      "type": "Feature",
      "geometry": {
        "type": "Point",
        "coordinates": [
          82.7872368,
          46.6811085
        ]
      },
      "properties": {
        "id": "2yz20xWyfpI7Utb8EGuB",
        "is_open": 1,
        "countries": "KAZ-CHN",
        "location": {
          "_latitude": 46.6811085,
          "_longitude": 82.7872368
        },
        "name": "Baqti/Tacheng",
        "geohash": "vb6cef5c",
        "updatedat": {
          "_seconds": 1769107905,
          "_nanoseconds": 774000000
        }
      }
    },
    {
      "type": "Feature",
      "geometry": {
        "type": "Point",
        "coordinates": [
          43.9893639,
          42.2084978
        ]
      },
      "properties": {
        "id": "38ZOj7LUxiNLlyeXUTXg",
        "is_open": 0,
        "countries": "GEO-SOS",
        "location": {
          "_latitude": 42.2084978,
          "_longitude": 43.9893639
        },
        "name": "Ergneti",
        "geohash": "szx215b4",
        "updatedat": {
          "_seconds": 1769107905,
          "_nanoseconds": 791000000
        }
      }
    },
    {
      "type": "Feature",
      "geometry": {
        "type": "Point",
        "coordinates": [
          102.5498443,
          13.6614405
        ]
      },
      "properties": {
        "id": "3kaRrp6Eky2S3gn46Goq",
        "is_open": 0,
        "name": "Aranyaprathet/Poipet",
        "countries": "THA-KHM",
        "location": {
          "_latitude": 13.6614405,
          "_longitude": 102.5498443
        },
        "comment": "Cambodian VOA available here (if border is open).",
        "comment_translations": {
          "en": "Cambodian VOA available here (if border is open).",
          "fr": "Visa de voyage cambodgien disponible ici (si la frontière est ouverte).",
          "de": "Kambodschanisches Visum bei Ankunft (VOA) hier erhältlich (sofern die Grenze geöffnet ist).",
          "it": "VOA cambogiano disponibile qui (se il confine è aperto).",
          "es": "VOA camboyano disponible aquí (si la frontera está abierta).",
          "pt": "Visto cambojano disponível aqui (se a fronteira estiver aberta).",
          "nl": "Cambodjaans visum bij aankomst is hier beschikbaar (indien de grens open is).",
          "pl": "Kambodżańska VOA dostępna tutaj (jeśli granica jest otwarta).",
          "ru": "Камбоджийская виза по прибытии доступна здесь (если граница открыта)."
        },
        "geohash": "w62vtwfx",
        "updatedat": {
          "_seconds": 1769107905,
          "_nanoseconds": 827000000
        }
      }
    },
    {
      "type": "Feature",
      "geometry": {
        "type": "Point",
        "coordinates": [
          34.90283,
          29.4909641
        ]
      },
      "properties": {
        "id": "42XM8ThVjtU8iy8sAZH4",
        "is_open": 3,
        "countries": "ISR-EGY",
        "location": {
          "_latitude": 29.4909641,
          "_longitude": 34.90283
        },
        "name": "Taba",
        "comment": "The border is open to all, but the Sinai is a very sensitive area; you can go to Sharm el Sheikh and St Catherine monastery but that's about it.\nNote: motorbikes and 4x4 are forbidden in Sinai.",
        "comment_translations": {
          "en": "The border is open to all, but the Sinai is a very sensitive area; you can go to Sharm el Sheikh and St Catherine monastery but that's about it.\nNote: motorbikes and 4x4 are forbidden in Sinai.",
          "fr": "La frontière est ouverte à tous, mais le Sinaï est une zone très sensible ; vous pouvez vous rendre à Charm el-Cheikh et au monastère Sainte-Catherine, mais c'est à peu près tout.\n\nRemarque : les motos et les 4x4 sont interdits dans le Sinaï.",
          "de": "Die Grenze ist für alle offen, aber der Sinai ist ein sehr sensibles Gebiet. Sie können Sharm el Sheikh und das Katharinenkloster besuchen, aber das ist auch schon alles.\n\nHinweis: Motorräder und Geländewagen sind im Sinai verboten.",
          "it": "Il confine è aperto a tutti, ma il Sinai è una zona molto sensibile; è possibile recarsi a Sharm el Sheikh e al monastero di Santa Caterina, ma questo è tutto.\nNota: moto e fuoristrada sono vietati nel Sinai.",
          "es": "La frontera está abierta a todos, pero el Sinaí es una zona muy vulnerable; se puede ir a Sharm el-Sheikh y al monasterio de Santa Catalina, pero eso es todo.\nNota: Las motos y los vehículos 4x4 están prohibidos en el Sinaí.",
          "pt": "A fronteira está aberta a todos, mas o Sinai é uma área muito sensível; você pode ir a Sharm el Sheikh e ao Mosteiro de Santa Catarina, mas é só isso.\nNota: motocicletas e veículos 4x4 são proibidos no Sinai.",
          "nl": "De grens is voor iedereen open, maar de Sinaï is een zeer gevoelig gebied; je kunt Sharm el Sheikh en het Sint-Catharinaklooster bezoeken, maar daar houdt het wel zo'n beetje op.\n\nLet op: motorfietsen en 4x4's zijn verboden in de Sinaï.",
          "pl": "Granica jest otwarta dla wszystkich, ale Synaj to bardzo wrażliwy obszar; można pojechać do Sharm el Sheikh i klasztoru św. Katarzyny, ale to tyle.\nUwaga: na Synaju obowiązuje zakaz jazdy motocyklami i samochodami terenowymi.",
          "ru": "Граница открыта для всех, но Синай — очень чувствительная зона; вы можете посетить Шарм-эль-Шейх и монастырь Святой Екатерины, но на этом, пожалуй, всё.\nПримечание: мотоциклы и внедорожники на Синае запрещены."
        },
        "geohash": "sv0zf0xm",
        "updatedat": {
          "_seconds": 1769107905,
          "_nanoseconds": 849000000
        }
      }
    },
    {
      "type": "Feature",
      "geometry": {
        "type": "Point",
        "coordinates": [
          60.8718371,
          32.1603686
        ]
      },
      "properties": {
        "id": "4EFdAphZAfvE4Yjep0Im",
        "is_open": 2,
        "name": "Mahirood / Abu Nasr Farahi",
        "countries": "IRN-AFG",
        "location": {
          "_latitude": 32.1603686,
          "_longitude": 60.8718371
        },
        "geohash": "tmeqcnte",
        "updatedat": {
          "_seconds": 1769107905,
          "_nanoseconds": 886000000
        }
      }
    },
    {
      "type": "Feature",
      "geometry": {
        "type": "Point",
        "coordinates": [
          46.6388619,
          29.0658526
        ]
      },
      "properties": {
        "id": "4IN2EHXcwDNmPLoYwnBw",
        "is_open": 2,
        "countries": "SAU-KWT",
        "location": {
          "_latitude": 29.0658526,
          "_longitude": 46.6388619
        },
        "name": "Salmi/Raqi",
        "geohash": "tj1jm732",
        "updatedat": {
          "_seconds": 1769107905,
          "_nanoseconds": 906000000
        }
      }
    },
    {
      "type": "Feature",
      "geometry": {
        "type": "Point",
        "coordinates": [
          27.387415,
          57.644615
        ]
      },
      "properties": {
        "id": "4NRxGzvJmVZ7At4THkAa",
        "is_open": 2,
        "name": "Shumilkino / Lukhamaa",
        "location": {
          "_latitude": 57.644615,
          "_longitude": 27.387415
        },
        "countries": "RUS-EST",
        "createdat": {
          "_seconds": 1764172634,
          "_nanoseconds": 418000000
        },
        "comment": "Russian eVisa valid.",
        "comment_translations": {
          "en": "Russian eVisa valid.",
          "fr": "Visa électronique russe valide.",
          "de": "Russisches eVisum gültig.",
          "it": "Visto elettronico russo valido.",
          "es": "eVisa rusa válida.",
          "pt": "Visto eletrônico russo válido.",
          "nl": "Het Russische e-visum is geldig.",
          "pl": "Rosyjska e-wiza ważna.",
          "ru": "Российская электронная виза действительна."
        },
        "geohash": "ud5rzjyu",
        "updatedat": {
          "_seconds": 1769107905,
          "_nanoseconds": 943000000
        }
      }
    },
    {
      "type": "Feature",
      "geometry": {
        "type": "Point",
        "coordinates": [
          55.7669767,
          24.2620696
        ]
      },
      "properties": {
        "id": "4WKgm87fSpCEJq2ifDqn",
        "is_open": 1,
        "countries": "OMN-ARE",
        "location": {
          "_latitude": 24.2620696,
          "_longitude": 55.7669767
        },
        "name": "Al Buraimi north",
        "geohash": "thrdj0b2",
        "updatedat": {
          "_seconds": 1769107905,
          "_nanoseconds": 978000000
        }
      }
    },
    {
      "type": "Feature",
      "geometry": {
        "type": "Point",
        "coordinates": [
          45.0682256,
          36.665452
        ]
      },
      "properties": {
        "id": "4efAqT6ljDDWKvPio4VZ",
        "is_open": 2,
        "countries": "IRN-IRQ",
        "location": {
          "_latitude": 36.665452,
          "_longitude": 45.0682256
        },
        "name": "Tamarchin / Haji Omaran",
        "geohash": "tn809d9x",
        "updatedat": {
          "_seconds": 1769107906,
          "_nanoseconds": 16000000
        }
      }
    },
    {
      "type": "Feature",
      "geometry": {
        "type": "Point",
        "coordinates": [
          67.4225795,
          37.2376712
        ]
      },
      "properties": {
        "id": "4fpi7SjPS9ssU8n0Oakr",
        "is_open": 2,
        "name": "Termez / Hairatan",
        "countries": "UZB-AFG",
        "location": {
          "_latitude": 37.2376712,
          "_longitude": 67.4225795
        },
        "geohash": "tqxgy4zt",
        "updatedat": {
          "_seconds": 1769107906,
          "_nanoseconds": 36000000
        }
      }
    },
    {
      "type": "Feature",
      "geometry": {
        "type": "Point",
        "coordinates": [
          67.7971477,
          37.1892876
        ]
      },
      "properties": {
        "id": "5IdfDFZkoTDoD6o2Ncpc",
        "is_open": 2,
        "countries": "TJK-UZB",
        "location": {
          "_latitude": 37.1892876,
          "_longitude": 67.7971477
        },
        "name": "Gulbakhor / Ayvanch",
        "geohash": "tw85wf07",
        "updatedat": {
          "_seconds": 1769107906,
          "_nanoseconds": 56000000
        }
      }
    },
    {
      "type": "Feature",
      "geometry": {
        "type": "Point",
        "coordinates": [
          61.0035837,
          34.7086542
        ]
      },
      "properties": {
        "id": "5OEqJ8yyK6nBey2vB8kO",
        "is_open": 2,
        "name": "Islam Qala / Taybad",
        "countries": "IRN-AFG",
        "location": {
          "_latitude": 34.7086542,
          "_longitude": 61.0035837
        },
        "geohash": "tq5mknt2",
        "updatedat": {
          "_seconds": 1769107906,
          "_nanoseconds": 110000000
        }
      }
    },
    {
      "type": "Feature",
      "geometry": {
        "type": "Point",
        "coordinates": [
          36.2006898,
          32.53057
        ]
      },
      "properties": {
        "id": "65hnzm2e31YFmrB4yvxj",
        "is_open": 2,
        "countries": "JOR-SYR",
        "location": {
          "_latitude": 32.53057,
          "_longitude": 36.2006898
        },
        "name": "Naseem/Jaber",
        "geohash": "svc9pf08",
        "updatedat": {
          "_seconds": 1769107906,
          "_nanoseconds": 147000000
        }
      }
    },
    {
      "type": "Feature",
      "geometry": {
        "type": "Point",
        "coordinates": [
          51.5744166,
          24.1263907
        ]
      },
      "properties": {
        "id": "6DSBFMBXMUgFCs27hh05",
        "is_open": 2,
        "countries": "SAU-ARE",
        "location": {
          "_latitude": 24.1263907,
          "_longitude": 51.5744166
        },
        "name": "Al Batha-Ghuwaifat",
        "geohash": "thk9m856",
        "updatedat": {
          "_seconds": 1769107906,
          "_nanoseconds": 185000000
        }
      }
    },
    {
      "type": "Feature",
      "geometry": {
        "type": "Point",
        "coordinates": [
          75.3939088,
          40.5516953
        ]
      },
      "properties": {
        "id": "6jaLvdcjsTLpyZptPC2g",
        "is_open": 2,
        "name": "Torugart",
        "countries": "KGZ-CHN",
        "location": {
          "_latitude": 40.5516953,
          "_longitude": 75.3939088
        },
        "geohash": "txjwewhn",
        "updatedat": {
          "_seconds": 1769107906,
          "_nanoseconds": 204000000
        }
      }
    },
    {
      "type": "Feature",
      "geometry": {
        "type": "Point",
        "coordinates": [
          46.181048,
          35.181072
        ]
      },
      "properties": {
        "id": "6pfPA1T0kDczZ73LcUOy",
        "is_open": 2,
        "countries": "IRN-IRQ",
        "location": {
          "_latitude": 35.181072,
          "_longitude": 46.181048
        },
        "name": "Shushami",
        "geohash": "tn2b4us0",
        "updatedat": {
          "_seconds": 1769107906,
          "_nanoseconds": 225000000
        }
      }
    },
    {
      "type": "Feature",
      "geometry": {
        "type": "Point",
        "coordinates": [
          44.7998079,
          39.6543628
        ]
      },
      "properties": {
        "id": "71IFvAGyGqkQeEHHhrIc",
        "is_open": 1,
        "comment": "Gives acces to Nakchivan enclave. Azerbaijan has closed its land borders since COVID.",
        "countries": "TUR-AZE",
        "location": {
          "_latitude": 39.6543628,
          "_longitude": 44.7998079
        },
        "name": "Sadarak/Dilicu",
        "comment_translations": {
          "en": "Gives acces to Nakchivan enclave. Azerbaijan has closed its land borders since COVID.",
          "fr": "Donne accès à l'enclave de Nakhitchevan. L'Azerbaïdjan a fermé ses frontières terrestres depuis la pandémie de COVID-19.",
          "de": "Ermöglicht den Zugang zur Exklave Nachitschewan. Aserbaidschan hat seine Landgrenzen seit COVID geschlossen.",
          "it": "Dà accesso all'enclave di Nakchivan. L'Azerbaigian ha chiuso i suoi confini terrestri a causa del COVID.",
          "es": "Da acceso al enclave de Nakchivan. Azerbaiyán ha cerrado sus fronteras terrestres desde la pandemia.",
          "pt": "Dá acesso ao enclave de Nakchivan. O Azerbaijão fechou suas fronteiras terrestres desde a COVID-19.",
          "nl": "Geeft toegang tot de enclave Nachitsjevan. Azerbeidzjan heeft zijn landsgrenzen sinds COVID gesloten.",
          "pl": "Umożliwia dostęp do enklawy Nakchiwan. Azerbejdżan zamknął swoje granice lądowe z powodu pandemii COVID.",
          "ru": "Предоставляет доступ к Накчиванскому анклаву. Азербайджан закрыл свои сухопутные границы после начала пандемии COVID-19."
        },
        "geohash": "szpce6y5",
        "updatedat": {
          "_seconds": 1769107906,
          "_nanoseconds": 244000000
        }
      }
    },
    {
      "type": "Feature",
      "geometry": {
        "type": "Point",
        "coordinates": [
          53.0992821,
          16.6710831
        ]
      },
      "properties": {
        "id": "72Pd0mkXI39Bej71uxA8",
        "is_open": -1,
        "comment": "You need a Yemeni visa to get through, which is normally only given to tourists heading to Soccotra.",
        "countries": "OMN-YEM",
        "location": {
          "_latitude": 16.6710831,
          "_longitude": 53.0992821
        },
        "name": "Sarfayt",
        "comment_translations": {
          "en": "You need a Yemeni visa to get through, which is normally only given to tourists heading to Soccotra.",
          "fr": "Il vous faut un visa yéménite pour passer, qui n'est normalement délivré qu'aux touristes se rendant à Soccotra.",
          "de": "Zur Einreise benötigen Sie ein jemenitisches Visum, das normalerweise nur Touristen ausgestellt wird, die nach Sokotra reisen.",
          "it": "Per entrare è necessario un visto yemenita, che normalmente viene rilasciato solo ai turisti diretti a Soccotra.",
          "es": "Para pasar se necesita una visa yemení, que normalmente sólo se otorga a los turistas que se dirigen a Soccotra.",
          "pt": "Você precisa de um visto iemenita para entrar no país, que normalmente só é concedido a turistas que se dirigem a Socotra.",
          "nl": "Je hebt een Jemenitisch visum nodig om het land binnen te komen, dat normaal gesproken alleen wordt verstrekt aan toeristen die naar Socotra reizen.",
          "pl": "Aby przejechać przez Jemen, potrzebna jest wiza jemeńska, która jest zazwyczaj wydawana wyłącznie turystom udającym się do Soccotra.",
          "ru": "Для въезда в Йемен необходима виза, которая обычно выдается только туристам, направляющимся на Соккотру."
        },
        "geohash": "t4vyb6cs",
        "updatedat": {
          "_seconds": 1769107906,
          "_nanoseconds": 278000000
        }
      }
    },
    {
      "type": "Feature",
      "geometry": {
        "type": "Point",
        "coordinates": [
          69.3016832,
          40.1964387
        ]
      },
      "properties": {
        "id": "7DJGp721SPe26xkuChh5",
        "is_open": 2,
        "name": "Bekobod / Kushtegirmon",
        "countries": "TJK-UZB",
        "location": {
          "_latitude": 40.1964387,
          "_longitude": 69.3016832
        },
        "geohash": "tx1k8vxc",
        "updatedat": {
          "_seconds": 1769107906,
          "_nanoseconds": 294000000
        }
      }
    },
    {
      "type": "Feature",
      "geometry": {
        "type": "Point",
        "coordinates": [
          75.051943,
          53.796579
        ]
      },
      "properties": {
        "id": "7GX62rn5dYRzrQKRZzz7",
        "is_open": 2,
        "name": "Olkhovka / Urlyutobe",
        "location": {
          "_latitude": 53.796579,
          "_longitude": 75.051943
        },
        "countries": "RUS-KAZ",
        "createdat": {
          "_seconds": 1764172688,
          "_nanoseconds": 287000000
        },
        "geohash": "v9t65c75",
        "updatedat": {
          "_seconds": 1769107906,
          "_nanoseconds": 314000000
        }
      }
    },
    {
      "type": "Feature",
      "geometry": {
        "type": "Point",
        "coordinates": [
          54.6195827,
          37.4466069
        ]
      },
      "properties": {
        "id": "7NK8mpI1ECWRXWX8RWdY",
        "is_open": 2,
        "name": "Incheburun / Güdriolum",
        "countries": "IRN-TKM",
        "location": {
          "_latitude": 37.4466069,
          "_longitude": 54.6195827
        },
        "geohash": "tnwv4buy",
        "updatedat": {
          "_seconds": 1769107906,
          "_nanoseconds": 331000000
        }
      }
    },
    {
      "type": "Feature",
      "geometry": {
        "type": "Point",
        "coordinates": [
          71.5442007,
          35.3097091
        ]
      },
      "properties": {
        "id": "7TVYVJrYFHoNXsQuudY6",
        "is_open": 1,
        "countries": "AFG-PAK",
        "location": {
          "_latitude": 35.3097091,
          "_longitude": 71.5442007
        },
        "name": "Arandu",
        "geohash": "tw6bu5bv",
        "updatedat": {
          "_seconds": 1769107906,
          "_nanoseconds": 350000000
        }
      }
    },
    {
      "type": "Feature",
      "geometry": {
        "type": "Point",
        "coordinates": [
          22.298854,
          54.343023
        ]
      },
      "properties": {
        "id": "7qXLp79KhnciFVlYfeHP",
        "is_open": 2,
        "name": "Gusev / Goldap",
        "location": {
          "_latitude": 54.343023,
          "_longitude": 22.298854
        },
        "countries": "RUS-POL",
        "createdat": {
          "_seconds": 1764172512,
          "_nanoseconds": 467000000
        },
        "geohash": "u3xv5kve",
        "updatedat": {
          "_seconds": 1769107906,
          "_nanoseconds": 383000000
        }
      }
    },
    {
      "type": "Feature",
      "geometry": {
        "type": "Point",
        "coordinates": [
          74.5731088,
          31.6046353
        ]
      },
      "properties": {
        "id": "8UxeNbLsYqdkkXgmvHDi",
        "is_open": 0,
        "comment": "Single border crossing between Pakistan and India.\nIt's been closed since the 2025 air war between both countries.",
        "countries": "PAK-IND",
        "location": {
          "_latitude": 31.6046353,
          "_longitude": 74.5731088
        },
        "name": "Wagah - Attari",
        "comment_translations": {
          "en": "Single border crossing between Pakistan and India.\nIt's been closed since the 2025 air war between both countries.",
          "fr": "Point de passage frontalier unique entre le Pakistan et l'Inde.\n\nIl est fermé depuis les affrontements aériens de 2025 entre les deux pays.",
          "de": "Einziger Grenzübergang zwischen Pakistan und Indien.\nDieser ist seit dem geplanten Luftkrieg zwischen den beiden Ländern im Jahr 2025 geschlossen.",
          "it": "Unico valico di frontiera tra Pakistan e India.\nÈ chiuso dalla guerra aerea tra i due Paesi del 2025.",
          "es": "Paso fronterizo único entre Pakistán e India. Está cerrado desde la guerra aérea de 2025 entre ambos países.",
          "pt": "Única passagem de fronteira entre o Paquistão e a Índia.\nEstá fechada desde a guerra aérea de 2025 entre os dois países.",
          "nl": "De enige grensovergang tussen Pakistan en India.\n\nDeze is gesloten sinds de luchtoorlog tussen beide landen in 2025.",
          "pl": "Jedyne przejście graniczne między Pakistanem a Indiami.\nJest zamknięte od czasu wojny powietrznej między oboma krajami w 2025 roku.",
          "ru": "Единственный пограничный переход между Пакистаном и Индией.\nОн закрыт с момента окончания воздушной войны между двумя странами в 2025 году."
        },
        "geohash": "ttt5bcqq",
        "updatedat": {
          "_seconds": 1769107906,
          "_nanoseconds": 417000000
        }
      }
    },
    {
      "type": "Feature",
      "geometry": {
        "type": "Point",
        "coordinates": [
          94.3327852,
          50.5169932
        ]
      },
      "properties": {
        "id": "9C5Ap0WBJwJ5yQgfk1HK",
        "is_open": 1,
        "countries": "RUS-MNG",
        "location": {
          "_latitude": 50.5169932,
          "_longitude": 94.3327852
        },
        "name": "Shara-Sur/Tes",
        "geohash": "y0gp6s74",
        "updatedat": {
          "_seconds": 1769107906,
          "_nanoseconds": 455000000
        }
      }
    },
    {
      "type": "Feature",
      "geometry": {
        "type": "Point",
        "coordinates": [
          117.3749944,
          49.6321486
        ]
      },
      "properties": {
        "id": "9JBmq9hCSCxEnFr3Ml4e",
        "is_open": 2,
        "countries": "RUS-CHN",
        "location": {
          "_latitude": 49.6321486,
          "_longitude": 117.3749944
        },
        "name": "Zabaikalsk/Manchuria",
        "geohash": "y8g6qgmb",
        "updatedat": {
          "_seconds": 1769107906,
          "_nanoseconds": 492000000
        }
      }
    },
    {
      "type": "Feature",
      "geometry": {
        "type": "Point",
        "coordinates": [
          30.109591,
          65.798791
        ]
      },
      "properties": {
        "id": "9qKyEH0KCWFvH1hK1cdS",
        "is_open": 0,
        "name": "Suoperya / Kuusamo",
        "location": {
          "_latitude": 65.798791,
          "_longitude": 30.109591
        },
        "countries": "FIN-RUS",
        "createdat": {
          "_seconds": 1764171929,
          "_nanoseconds": 743000000
        },
        "geohash": "uetqm4m1",
        "updatedat": {
          "_seconds": 1769107906,
          "_nanoseconds": 526000000
        }
      }
    },
    {
      "type": "Feature",
      "geometry": {
        "type": "Point",
        "coordinates": [
          130.4587124,
          42.7706455
        ]
      },
      "properties": {
        "id": "AB2kbwsaYGJDF32FdmP4",
        "is_open": 2,
        "countries": "RUS-CHN",
        "location": {
          "_latitude": 42.7706455,
          "_longitude": 130.4587124
        },
        "name": "Kraskino/Hunchun",
        "geohash": "wzsg2djj",
        "updatedat": {
          "_seconds": 1769107906,
          "_nanoseconds": 563000000
        }
      }
    },
    {
      "type": "Feature",
      "geometry": {
        "type": "Point",
        "coordinates": [
          71.0943544,
          34.1217414
        ]
      },
      "properties": {
        "id": "AIa1Uaz9qGJ705YgRI9R",
        "is_open": 0,
        "countries": "AFG-PAK",
        "location": {
          "_latitude": 34.1217414,
          "_longitude": 71.0943544
        },
        "name": "Torkham",
        "comment": "The border has been closed since the skirmishes of 2025.",
        "comment_translations": {
          "en": "The border has been closed since the skirmishes of 2025.",
          "fr": "La frontière est fermée depuis les escarmouches de 2025.",
          "de": "Die Grenze ist seit den Scharmützeln von 2025 geschlossen.",
          "it": "Il confine è chiuso dopo gli scontri del 2025.",
          "es": "La frontera está cerrada desde los enfrentamientos de 2025.",
          "pt": "A fronteira está fechada desde os confrontos de 2025.",
          "nl": "De grens is sinds de schermutselingen van 2025 gesloten.",
          "pl": "Granica jest zamknięta od czasu potyczek w 2025 roku.",
          "ru": "Граница закрыта с момента столкновений 2025 года."
        },
        "geohash": "tw4d1g9m",
        "updatedat": {
          "_seconds": 1769107906,
          "_nanoseconds": 582000000
        }
      }
    },
    {
      "type": "Feature",
      "geometry": {
        "type": "Point",
        "coordinates": [
          69.5435915,
          40.0835813
        ]
      },
      "properties": {
        "id": "AJA8l4JWifQWqrwrdT6z",
        "is_open": 1,
        "countries": "TJK-KGZ",
        "location": {
          "_latitude": 40.0835813,
          "_longitude": 69.5435915
        },
        "name": "Kayragach",
        "geohash": "tx1kn8bp",
        "updatedat": {
          "_seconds": 1769107906,
          "_nanoseconds": 618000000
        }
      }
    },
    {
      "type": "Feature",
      "geometry": {
        "type": "Point",
        "coordinates": [
          68.6047452,
          37.190923
        ]
      },
      "properties": {
        "id": "AjrDyYsQyemIyQ6InHjL",
        "is_open": 2,
        "name": "Shir Khan Bandar / Panji Poyon",
        "countries": "TJK-AFG",
        "location": {
          "_latitude": 37.190923,
          "_longitude": 68.6047452
        },
        "geohash": "tw8g94kk",
        "updatedat": {
          "_seconds": 1769107906,
          "_nanoseconds": 635000000
        }
      }
    },
    {
      "type": "Feature",
      "geometry": {
        "type": "Point",
        "coordinates": [
          125.0871901,
          -9.4510476
        ]
      },
      "properties": {
        "id": "An700BBHHPBQxsRY0hcJ",
        "is_open": 2,
        "name": "Motamasin/Salele",
        "countries": "IDN-TLS",
        "location": {
          "_latitude": -9.4510476,
          "_longitude": 125.0871901
        },
        "comment": "Indonesian eVisa not accepted.",
        "comment_translations": {
          "en": "Indonesian eVisa not accepted.",
          "fr": "Le visa électronique indonésien n'est pas accepté.",
          "de": "Indonesisches eVisum wird nicht akzeptiert.",
          "it": "Visto elettronico indonesiano non accettato.",
          "es": "No se acepta la eVisa de Indonesia.",
          "pt": "Visto eletrônico indonésio não aceito.",
          "nl": "Het Indonesische e-visum wordt niet geaccepteerd.",
          "pl": "Indonezyjska e-wiza nie jest akceptowana.",
          "ru": "Электронные визы Индонезии не принимаются."
        },
        "geohash": "qy2fnrmx",
        "updatedat": {
          "_seconds": 1769107906,
          "_nanoseconds": 652000000
        }
      }
    },
    {
      "type": "Feature",
      "geometry": {
        "type": "Point",
        "coordinates": [
          40.0112018,
          43.3936056
        ]
      },
      "properties": {
        "id": "AqR3DUxCM1v1Y3QEQN6r",
        "is_open": 2,
        "comment": "It feels like a normal border crossing. Coming from Russia, you need the proper visa (see country info).\nIf you enter Abkhazia here, you must also exit from here, crossing from Russia to Abkhazia to Georgia isn't permitted.",
        "countries": "ABK-RUS",
        "location": {
          "_latitude": 43.3936056,
          "_longitude": 40.0112018
        },
        "name": "Adler / Psou",
        "comment_translations": {
          "en": "It feels like a normal border crossing. Coming from Russia, you need the proper visa (see country info).\nIf you enter Abkhazia here, you must also exit from here, crossing from Russia to Abkhazia to Georgia isn't permitted.",
          "fr": "Cela ressemble à un passage de frontière classique. En venant de Russie, vous avez besoin du visa approprié (voir les informations par pays).\n\nSi vous entrez en Abkhazie par ce point, vous devez également en sortir ; le passage de la Russie vers l'Abkhazie puis la Géorgie n'est pas autorisé.",
          "de": "Es fühlt sich an wie ein normaler Grenzübergang. Bei Einreise aus Russland benötigen Sie das entsprechende Visum (siehe Länderinformationen). Wenn Sie hier nach Abchasien einreisen, müssen Sie auch hier wieder ausreisen. Die Einreise von Russland über Abchasien nach Georgien ist nicht gestattet.",
          "it": "Sembra un normale attraversamento di frontiera. Provenendo dalla Russia, è necessario il visto appropriato (vedi informazioni sul paese).\nSe entri in Abkhazia da qui, devi anche uscirne; attraversare dalla Russia all'Abkhazia e alla Georgia non è consentito.",
          "es": "Parece un cruce de frontera normal. Si vienes de Rusia, necesitas el visado correspondiente (consulta la información del país).\nSi entras en Abjasia por aquí, también debes salir por aquí. No está permitido cruzar de Rusia a Abjasia y a Georgia.",
          "pt": "Parece uma travessia de fronteira normal. Vindo da Rússia, você precisa do visto apropriado (veja as informações sobre o país).\nSe você entrar na Abkházia por aqui, também deverá sair por aqui, pois a travessia da Rússia para a Abkházia e depois para a Geórgia não é permitida.",
          "nl": "Het voelt als een normale grensovergang. Komend vanuit Rusland heb je het juiste visum nodig (zie landinformatie).\n\nAls je Abchazië hier binnenkomt, moet je het ook hier weer verlaten; het is niet toegestaan om van Rusland naar Abchazië en vervolgens naar Georgië te reizen.",
          "pl": "To jak normalne przekraczanie granicy. Jadąc z Rosji, potrzebujesz odpowiedniej wizy (zobacz informacje o kraju).\nJeśli wjeżdżasz tutaj do Abchazji, musisz również stąd wyjechać. Przejazd z Rosji do Abchazji i Gruzji nie jest dozwolony.",
          "ru": "Ощущения от прохождения границы обычные. При въезде из России необходима соответствующая виза (см. информацию о стране).\nЕсли вы въезжаете в Абхазию здесь, вы также должны выехать отсюда; пересечение границы из России в Абхазию и далее в Грузию запрещено."
        },
        "geohash": "szsqy7x6",
        "updatedat": {
          "_seconds": 1769107906,
          "_nanoseconds": 670000000
        }
      }
    },
    {
      "type": "Feature",
      "geometry": {
        "type": "Point",
        "coordinates": [
          89.4419003,
          49.6435814
        ]
      },
      "properties": {
        "id": "Bj5dS6IDfdGv6hpQQZ1A",
        "is_open": 2,
        "countries": "RUS-MNG",
        "location": {
          "_latitude": 49.6435814,
          "_longitude": 89.4419003
        },
        "name": "Tashanta/Tsagaannuur",
        "comment": "Russian eVisa is valid here.",
        "comment_translations": {
          "en": "Russian eVisa is valid here.",
          "fr": "Le visa électronique russe est valable ici.",
          "de": "Das russische eVisum ist hier gültig.",
          "it": "Qui è valido il visto elettronico russo.",
          "es": "La eVisa rusa es válida aquí.",
          "pt": "O visto eletrônico russo é válido aqui.",
          "nl": "Het Russische e-visum is hier geldig.",
          "pl": "Rosyjska e-wiza jest tutaj ważna.",
          "ru": "Здесь действительна российская электронная виза."
        },
        "geohash": "vbzd7m3d",
        "updatedat": {
          "_seconds": 1769107906,
          "_nanoseconds": 689000000
        }
      }
    },
    {
      "type": "Feature",
      "geometry": {
        "type": "Point",
        "coordinates": [
          44.8343471,
          41.2291534
        ]
      },
      "properties": {
        "id": "C67qpfwoB3CXUVUbPYpi",
        "is_open": 2,
        "countries": "ARM-GEO",
        "location": {
          "_latitude": 41.2291534,
          "_longitude": 44.8343471
        },
        "name": "Bagratashen/Sadakhlo",
        "geohash": "szrfs1x3",
        "updatedat": {
          "_seconds": 1769107906,
          "_nanoseconds": 709000000
        }
      }
    },
    {
      "type": "Feature",
      "geometry": {
        "type": "Point",
        "coordinates": [
          103.5990862,
          1.3780939
        ]
      },
      "properties": {
        "id": "CccQziRFs8p7RsE0Jcmz",
        "is_open": 2,
        "name": "Sultan Abu Bakar/Tuas",
        "countries": "MYS-SGP",
        "location": {
          "_latitude": 1.3780939,
          "_longitude": 103.5990862
        },
        "geohash": "w21xv6ye",
        "updatedat": {
          "_seconds": 1769107906,
          "_nanoseconds": 746000000
        }
      }
    },
    {
      "type": "Feature",
      "geometry": {
        "type": "Point",
        "coordinates": [
          101.9762501,
          6.0211525
        ]
      },
      "properties": {
        "id": "CgEbeDzRufqr4wZwaZey",
        "is_open": 2,
        "name": "Sungai Kolok/Rantau Panjang",
        "countries": "THA-MYS",
        "location": {
          "_latitude": 6.0211525,
          "_longitude": 101.9762501
        },
        "geohash": "w30d280g",
        "updatedat": {
          "_seconds": 1769107906,
          "_nanoseconds": 784000000
        }
      }
    },
    {
      "type": "Feature",
      "geometry": {
        "type": "Point",
        "coordinates": [
          72.76007,
          40.57256
        ]
      },
      "properties": {
        "id": "CpOK2JFdpXpry4BlCs6Z",
        "is_open": 2,
        "name": "Korday",
        "countries": "KGZ-UZB",
        "location": {
          "_latitude": 40.57256,
          "_longitude": 72.76007
        },
        "geohash": "tx5wzdn2",
        "updatedat": {
          "_seconds": 1769107906,
          "_nanoseconds": 802000000
        }
      }
    },
    {
      "type": "Feature",
      "geometry": {
        "type": "Point",
        "coordinates": [
          110.3529132,
          0.9879238
        ]
      },
      "properties": {
        "id": "CqeLWnDWOCgD7Sgjqr6x",
        "is_open": 2,
        "name": "Tebedu/Entikong",
        "countries": "IDN-MYS",
        "location": {
          "_latitude": 0.9879238,
          "_longitude": 110.3529132
        },
        "geohash": "w2nmx5ue",
        "updatedat": {
          "_seconds": 1769107906,
          "_nanoseconds": 821000000
        }
      }
    },
    {
      "type": "Feature",
      "geometry": {
        "type": "Point",
        "coordinates": [
          88.9424913,
          48.092958
        ]
      },
      "properties": {
        "id": "CrdxwhHXv8zzsKAnG3dI",
        "is_open": 1,
        "countries": "MNG-CHN",
        "location": {
          "_latitude": 48.092958,
          "_longitude": 88.9424913
        },
        "name": "Dayan/Hunshanjin",
        "geohash": "vbx1xgjc",
        "updatedat": {
          "_seconds": 1769107906,
          "_nanoseconds": 856000000
        }
      }
    },
    {
      "type": "Feature",
      "geometry": {
        "type": "Point",
        "coordinates": [
          28.560617,
          60.931202
        ]
      },
      "properties": {
        "id": "DCpq1a9SYjJcamTMS57w",
        "is_open": 0,
        "name": "Brusnichnoe / Nuyamaa",
        "location": {
          "_latitude": 60.931202,
          "_longitude": 28.560617
        },
        "countries": "FIN-RUS",
        "createdat": {
          "_seconds": 1764171929,
          "_nanoseconds": 422000000
        },
        "geohash": "udu69ujj",
        "updatedat": {
          "_seconds": 1769107906,
          "_nanoseconds": 873000000
        }
      }
    },
    {
      "type": "Feature",
      "geometry": {
        "type": "Point",
        "coordinates": [
          70.8275104,
          38.4538667
        ]
      },
      "properties": {
        "id": "DF9EcwwrYMqStX8zFTwh",
        "is_open": 1,
        "name": "Frienship Bridge",
        "countries": "TJK-AFG",
        "location": {
          "_latitude": 38.4538667,
          "_longitude": 70.8275104
        },
        "geohash": "twf6g8r4",
        "updatedat": {
          "_seconds": 1769107906,
          "_nanoseconds": 910000000
        }
      }
    },
    {
      "type": "Feature",
      "geometry": {
        "type": "Point",
        "coordinates": [
          106.7113061,
          21.9747708
        ]
      },
      "properties": {
        "id": "DIYThVlvFhIXlSuZqm17",
        "is_open": 2,
        "countries": "VNM-CHN",
        "location": {
          "_latitude": 21.9747708,
          "_longitude": 106.7113061
        },
        "name": "Huu Nghi/Friendship Gate",
        "geohash": "w7gvh22u",
        "updatedat": {
          "_seconds": 1769107906,
          "_nanoseconds": 949000000
        }
      }
    },
    {
      "type": "Feature",
      "geometry": {
        "type": "Point",
        "coordinates": [
          134.0232183,
          46.7233637
        ]
      },
      "properties": {
        "id": "DMqrZp9YxmLEjs643SK4",
        "is_open": 1,
        "countries": "RUS-CHN",
        "location": {
          "_latitude": 46.7233637,
          "_longitude": 134.0232183
        },
        "name": "Pokrovka/Zhaohe",
        "geohash": "ybr3cc8x",
        "updatedat": {
          "_seconds": 1769107906,
          "_nanoseconds": 985000000
        }
      }
    },
    {
      "type": "Feature",
      "geometry": {
        "type": "Point",
        "coordinates": [
          104.72631,
          16.6016708
        ]
      },
      "properties": {
        "id": "DNlQZ1ODbtVmeDg37fMK",
        "is_open": 2,
        "name": "Mukdahan/Savannakhet",
        "countries": "THA-LAO",
        "location": {
          "_latitude": 16.6016708,
          "_longitude": 104.72631
        },
        "geohash": "w6fqrn5r",
        "updatedat": {
          "_seconds": 1769107907,
          "_nanoseconds": 7000000
        }
      }
    },
    {
      "type": "Feature",
      "geometry": {
        "type": "Point",
        "coordinates": [
          47.8021389,
          31.8537069
        ]
      },
      "properties": {
        "id": "DiW6oFJDSGh7ue4YzUYg",
        "is_open": 2,
        "name": "Chazabeh",
        "countries": "IRN-IRQ",
        "location": {
          "_latitude": 31.8537069,
          "_longitude": 47.8021389
        },
        "geohash": "tj9vpyb3",
        "updatedat": {
          "_seconds": 1769107907,
          "_nanoseconds": 47000000
        }
      }
    },
    {
      "type": "Feature",
      "geometry": {
        "type": "Point",
        "coordinates": [
          55.8473625,
          24.0212654
        ]
      },
      "properties": {
        "id": "DrK5OofQhBLTaNDRzd4t",
        "is_open": 2,
        "countries": "ARE-OMN",
        "location": {
          "_latitude": 24.0212654,
          "_longitude": 55.8473625
        },
        "name": "Mazyad",
        "geohash": "thr8wufy",
        "updatedat": {
          "_seconds": 1769107907,
          "_nanoseconds": 65000000
        }
      }
    },
    {
      "type": "Feature",
      "geometry": {
        "type": "Point",
        "coordinates": [
          62.2829198,
          35.2598399
        ]
      },
      "properties": {
        "id": "DyVZcOstYWUuHoDJhejh",
        "is_open": -1,
        "name": "Serhetabat / Turgundi",
        "countries": "TKM-AFG",
        "location": {
          "_latitude": 35.2598399,
          "_longitude": 62.2829198
        },
        "geohash": "tqk296c5",
        "updatedat": {
          "_seconds": 1769107907,
          "_nanoseconds": 84000000
        }
      }
    },
    {
      "type": "Feature",
      "geometry": {
        "type": "Point",
        "coordinates": [
          68.4170431,
          40.6087966
        ]
      },
      "properties": {
        "id": "EHkS5nfuezhouJTXjEIo",
        "is_open": 1,
        "name": "Tselinny / Ak-Altyn",
        "countries": "KAZ-UZB",
        "location": {
          "_latitude": 40.6087966,
          "_longitude": 68.4170431
        },
        "geohash": "tx0xhbeg",
        "updatedat": {
          "_seconds": 1769107907,
          "_nanoseconds": 130000000
        }
      }
    },
    {
      "type": "Feature",
      "geometry": {
        "type": "Point",
        "coordinates": [
          99.8807897,
          20.4436803
        ]
      },
      "properties": {
        "id": "EfYnSXCdnXaQDaDxLaf1",
        "is_open": 2,
        "countries": "THA-MMR",
        "location": {
          "_latitude": 20.4436803,
          "_longitude": 99.8807897
        },
        "name": "Mae Sai/Tachilek",
        "geohash": "w5xh2cdv",
        "updatedat": {
          "_seconds": 1769107907,
          "_nanoseconds": 163000000
        }
      }
    },
    {
      "type": "Feature",
      "geometry": {
        "type": "Point",
        "coordinates": [
          61.625926,
          54.006458
        ]
      },
      "properties": {
        "id": "EgbujVzgvsQV1ck2nxzD",
        "is_open": 2,
        "name": "Bugristoe / Kayrak",
        "location": {
          "_latitude": 54.006458,
          "_longitude": 61.625926
        },
        "countries": "RUS-KAZ",
        "createdat": {
          "_seconds": 1764172689,
          "_nanoseconds": 598000000
        },
        "geohash": "v3eg4rdd",
        "updatedat": {
          "_seconds": 1769107907,
          "_nanoseconds": 182000000
        }
      }
    },
    {
      "type": "Feature",
      "geometry": {
        "type": "Point",
        "coordinates": [
          75.2853287,
          42.8578666
        ]
      },
      "properties": {
        "id": "EpDKuZgb3yu4NOUuQ59J",
        "is_open": 2,
        "name": "Tokmok - Sartobe",
        "countries": "KGZ-KAZ",
        "location": {
          "_latitude": 42.8578666,
          "_longitude": 75.2853287
        },
        "geohash": "txtec4j1",
        "updatedat": {
          "_seconds": 1769107907,
          "_nanoseconds": 218000000
        }
      }
    },
    {
      "type": "Feature",
      "geometry": {
        "type": "Point",
        "coordinates": [
          98.4949374,
          16.7254183
        ]
      },
      "properties": {
        "id": "Ew2oUH9Or7g4KrStT1CA",
        "is_open": 2,
        "name": "Mae Sot/Myawaddy",
        "countries": "THA-MMR",
        "location": {
          "_latitude": 16.7254183,
          "_longitude": 98.4949374
        },
        "geohash": "w4yp1kcb",
        "updatedat": {
          "_seconds": 1769107907,
          "_nanoseconds": 237000000
        }
      }
    },
    {
      "type": "Feature",
      "geometry": {
        "type": "Point",
        "coordinates": [
          100.4190222,
          6.5194489
        ]
      },
      "properties": {
        "id": "F3R0T8CJgjwQgfOd5zj7",
        "is_open": 2,
        "name": "Sadao/Bukit Kayu Hitam",
        "countries": "THA-MYS",
        "location": {
          "_latitude": 6.5194489,
          "_longitude": 100.4190222
        },
        "geohash": "w1pmj4ff",
        "updatedat": {
          "_seconds": 1769107907,
          "_nanoseconds": 275000000
        }
      }
    },
    {
      "type": "Feature",
      "geometry": {
        "type": "Point",
        "coordinates": [
          101.030565,
          5.7479521
        ]
      },
      "properties": {
        "id": "FGc7AwGswQ1CPpSN5ttD",
        "is_open": 2,
        "name": "Betong/Bukit Berapit",
        "countries": "THA-MYS",
        "location": {
          "_latitude": 5.7479521,
          "_longitude": 101.030565
        },
        "geohash": "w1pben2h",
        "updatedat": {
          "_seconds": 1769107907,
          "_nanoseconds": 311000000
        }
      }
    },
    {
      "type": "Feature",
      "geometry": {
        "type": "Point",
        "coordinates": [
          46.016787,
          35.6142215
        ]
      },
      "properties": {
        "id": "FPHVD1BAmgoOoGpN2rjG",
        "is_open": 2,
        "comment": "On Iraqi side you arrive in Kurdistan. Visa on arrival is not possible, you need to have bought beforehand an e-visa for (federal) Iraq.",
        "countries": "IRN-IRQ",
        "location": {
          "_latitude": 35.6142215,
          "_longitude": 46.016787
        },
        "name": "Bashmaq",
        "comment_translations": {
          "en": "On Iraqi side you arrive in Kurdistan. Visa on arrival is not possible, you need to have bought beforehand an e-visa for (federal) Iraq.",
          "fr": "Du côté irakien, vous arrivez au Kurdistan. Un visa à l'arrivée n'est pas possible ; vous devez avoir acheté au préalable un visa électronique pour l'Irak (fédéral).",
          "de": "Auf irakischer Seite erreichen Sie Kurdistan. Ein Visum bei Ankunft ist nicht möglich; Sie müssen zuvor ein E-Visum für den (föderalen) Irak erworben haben.",
          "it": "Dal lato iracheno si arriva in Kurdistan. Non è possibile ottenere il visto all'arrivo, è necessario aver acquistato in anticipo un visto elettronico per l'Iraq (federale).",
          "es": "Al llegar al Kurdistán iraquí, no es posible obtener una visa a la llegada; es necesario adquirir previamente una visa electrónica para Irak (federal).",
          "pt": "Do lado iraquiano, você chega ao Curdistão. Não é possível obter visto na chegada; é necessário ter adquirido previamente um visto eletrônico para o Iraque (federal).",
          "nl": "Aan de Iraakse kant kom je in Koerdistan aan. Een visum bij aankomst is niet mogelijk; je moet vooraf een e-visum voor (federaal) Irak hebben aangevraagd.",
          "pl": "Po stronie irackiej przylatujesz do Kurdystanu. Wiza po przylocie nie jest możliwa, musisz wcześniej wykupić wizę elektroniczną do (federalnego) Iraku.",
          "ru": "На иракской стороне вы прибываете в Курдистан. Виза по прибытии невозможна, необходимо заранее приобрести электронную визу в (федеральный) Ирак."
        },
        "geohash": "tn2dx5k7",
        "updatedat": {
          "_seconds": 1769107907,
          "_nanoseconds": 331000000
        }
      }
    },
    {
      "type": "Feature",
      "geometry": {
        "type": "Point",
        "coordinates": [
          38.9106155,
          33.4342064
        ]
      },
      "properties": {
        "id": "FZ7O1yTaFpAIwOBj00Zi",
        "is_open": -1,
        "countries": "SYR-IRQ",
        "location": {
          "_latitude": 33.4342064,
          "_longitude": 38.9106155
        },
        "name": "Al Walid / Al Tanf",
        "geohash": "svgwjqtb",
        "updatedat": {
          "_seconds": 1769107907,
          "_nanoseconds": 348000000
        }
      }
    },
    {
      "type": "Feature",
      "geometry": {
        "type": "Point",
        "coordinates": [
          28.211033,
          59.376896
        ]
      },
      "properties": {
        "id": "FarnEMxMUlhi48MdKjXj",
        "is_open": 2,
        "name": "Ivangorod / Narva",
        "location": {
          "_latitude": 59.376896,
          "_longitude": 28.211033
        },
        "countries": "RUS-EST",
        "createdat": {
          "_seconds": 1764172634,
          "_nanoseconds": 535000000
        },
        "geohash": "uds1ccnx",
        "updatedat": {
          "_seconds": 1769107907,
          "_nanoseconds": 385000000
        }
      }
    },
    {
      "type": "Feature",
      "geometry": {
        "type": "Point",
        "coordinates": [
          88.8842795,
          23.0388718
        ]
      },
      "properties": {
        "id": "FdeTDMAlY8IyAzsBWFQz",
        "is_open": 2,
        "name": "Petrapole/Benapole",
        "countries": "IND-BGD",
        "location": {
          "_latitude": 23.0388718,
          "_longitude": 88.8842795
        },
        "geohash": "tup5nd5e",
        "updatedat": {
          "_seconds": 1769107907,
          "_nanoseconds": 402000000
        }
      }
    },
    {
      "type": "Feature",
      "geometry": {
        "type": "Point",
        "coordinates": [
          114.0746331,
          4.583552
        ]
      },
      "properties": {
        "id": "Flk0fjDHi6kfgi9N5rjj",
        "is_open": 2,
        "countries": "BRN-MYS",
        "name": "Sungai Tujoh",
        "location": {
          "_latitude": 4.583552,
          "_longitude": 114.0746331
        },
        "geohash": "w8c45f6t",
        "updatedat": {
          "_seconds": 1769107907,
          "_nanoseconds": 420000000
        }
      }
    },
    {
      "type": "Feature",
      "geometry": {
        "type": "Point",
        "coordinates": [
          27.913096,
          60.596099
        ]
      },
      "properties": {
        "id": "FnvzioEXnDbZbQeUIIrv",
        "is_open": 0,
        "name": "Torfyanovka / Vaalimaa",
        "location": {
          "_latitude": 60.596099,
          "_longitude": 27.913096
        },
        "countries": "FIN-RUS",
        "createdat": {
          "_seconds": 1764171929,
          "_nanoseconds": 352000000
        },
        "geohash": "udgbepjt",
        "updatedat": {
          "_seconds": 1769107907,
          "_nanoseconds": 439000000
        }
      }
    },
    {
      "type": "Feature",
      "geometry": {
        "type": "Point",
        "coordinates": [
          63.3191621,
          27.1419418
        ]
      },
      "properties": {
        "id": "GLyxbP0gGEFysnmMLLY9",
        "is_open": 1,
        "countries": "IRN-PAK",
        "location": {
          "_latitude": 27.1419418,
          "_longitude": 63.3191621
        },
        "name": "Kuhak-Chagdi",
        "geohash": "tkv42v59",
        "updatedat": {
          "_seconds": 1769107907,
          "_nanoseconds": 456000000
        }
      }
    },
    {
      "type": "Feature",
      "geometry": {
        "type": "Point",
        "coordinates": [
          71.337946,
          38.2727054
        ]
      },
      "properties": {
        "id": "Glh9joeWnr8ZPwcHq0yY",
        "is_open": 1,
        "name": "Kupruki Vanch / Jomarji Bolo",
        "countries": "TJK-AFG",
        "location": {
          "_latitude": 38.2727054,
          "_longitude": 71.337946
        },
        "geohash": "twf9xr6d",
        "updatedat": {
          "_seconds": 1769107907,
          "_nanoseconds": 474000000
        }
      }
    },
    {
      "type": "Feature",
      "geometry": {
        "type": "Point",
        "coordinates": [
          70.4548572,
          40.3639912
        ]
      },
      "properties": {
        "id": "Gvi5flsenqEOb10ZQ5tv",
        "is_open": 2,
        "name": "Patar / Andarkhon",
        "countries": "TJK-UZB",
        "location": {
          "_latitude": 40.3639912,
          "_longitude": 70.4548572
        },
        "geohash": "tx4jehp9",
        "updatedat": {
          "_seconds": 1769107907,
          "_nanoseconds": 494000000
        }
      }
    },
    {
      "type": "Feature",
      "geometry": {
        "type": "Point",
        "coordinates": [
          35.5770768,
          32.4975617
        ]
      },
      "properties": {
        "id": "H99mQyiWWHSpCtiq7lMj",
        "is_open": 2,
        "countries": "ISR-JOR",
        "location": {
          "_latitude": 32.4975617,
          "_longitude": 35.5770768
        },
        "name": "Sheikh Hussein/Jordan River",
        "geohash": "svc2cs42",
        "updatedat": {
          "_seconds": 1769107907,
          "_nanoseconds": 512000000
        }
      }
    },
    {
      "type": "Feature",
      "geometry": {
        "type": "Point",
        "coordinates": [
          104.0581437,
          14.3451789
        ]
      },
      "properties": {
        "id": "HEDiVq2Y5TTl1ulNJgu5",
        "is_open": 0,
        "name": "Chong Sa Ngam/Anlong Veng",
        "countries": "THA-KHM",
        "location": {
          "_latitude": 14.3451789,
          "_longitude": 104.0581437
        },
        "geohash": "w69cxgky",
        "updatedat": {
          "_seconds": 1769107907,
          "_nanoseconds": 530000000
        }
      }
    },
    {
      "type": "Feature",
      "geometry": {
        "type": "Point",
        "coordinates": [
          101.1598178,
          18.1034689
        ]
      },
      "properties": {
        "id": "HRyS0r56CV7HRBiJyCES",
        "is_open": 2,
        "name": "Phoudou",
        "countries": "THA-LAO",
        "location": {
          "_latitude": 18.1034689,
          "_longitude": 101.1598178
        },
        "comment": "Lao VOA is not available and eVisa not accepted.",
        "comment_translations": {
          "en": "Lao VOA is not available and eVisa not accepted.",
          "fr": "Le visa à l'arrivée pour le Laos n'est pas disponible et le visa électronique n'est pas accepté.",
          "de": "Ein laotisches Visum bei Ankunft (VOA) ist nicht verfügbar und ein elektronisches Visum (eVisa) wird nicht akzeptiert.",
          "it": "Il visto elettronico per il Laos non è disponibile e non è accettato.",
          "es": "La VOA de Laos no está disponible y no se acepta eVisa.",
          "pt": "O visto de chegada (VOA) para o Laos não está disponível e o visto eletrônico (eVisa) não é aceito.",
          "nl": "Een visum bij aankomst in Laos is niet beschikbaar en een e-visum wordt niet geaccepteerd.",
          "pl": "Usługa Lao VOA jest niedostępna, a eVisa nie jest akceptowana.",
          "ru": "Визы по прибытии в Лаос не предоставляются, электронные визы не принимаются."
        },
        "geohash": "w5pyvzwk",
        "updatedat": {
          "_seconds": 1769107907,
          "_nanoseconds": 554000000
        }
      }
    },
    {
      "type": "Feature",
      "geometry": {
        "type": "Point",
        "coordinates": [
          27.774503,
          57.132236
        ]
      },
      "properties": {
        "id": "HrbZHwtljGrJJrFLUS9m",
        "is_open": 1,
        "name": "Ludonka / Vientuli",
        "location": {
          "_latitude": 57.132236,
          "_longitude": 27.774503
        },
        "countries": "RUS-LVA",
        "createdat": {
          "_seconds": 1764258327,
          "_nanoseconds": 770000000
        },
        "geohash": "ud5v008g",
        "updatedat": {
          "_seconds": 1769107907,
          "_nanoseconds": 573000000
        }
      }
    },
    {
      "type": "Feature",
      "geometry": {
        "type": "Point",
        "coordinates": [
          35.9238448,
          33.7021842
        ]
      },
      "properties": {
        "id": "I5QO4BpOVVe0lqjACu4G",
        "is_open": 2,
        "countries": "SYR-LBN",
        "location": {
          "_latitude": 33.7021842,
          "_longitude": 35.9238448
        },
        "name": "Masnaa/Jdeideh",
        "geohash": "svcx9rqc",
        "updatedat": {
          "_seconds": 1769107907,
          "_nanoseconds": 590000000
        }
      }
    },
    {
      "type": "Feature",
      "geometry": {
        "type": "Point",
        "coordinates": [
          81.965854,
          50.807859
        ]
      },
      "properties": {
        "id": "IB226kMiBA6mUwXbwoRC",
        "is_open": 2,
        "name": "Mikhaylovka / Ube",
        "location": {
          "_latitude": 50.807859,
          "_longitude": 81.965854
        },
        "countries": "RUS-KAZ",
        "createdat": {
          "_seconds": 1764172687,
          "_nanoseconds": 889000000
        },
        "geohash": "vc4311m9",
        "updatedat": {
          "_seconds": 1769107907,
          "_nanoseconds": 677000000
        }
      }
    },
    {
      "type": "Feature",
      "geometry": {
        "type": "Point",
        "coordinates": [
          38.9580515,
          36.7034639
        ]
      },
      "properties": {
        "id": "ICrbTgwnYXloY8NN9JvM",
        "is_open": 0,
        "name": "Akçakale / Tal Abyad",
        "countries": "TUR-SYR",
        "location": {
          "_latitude": 36.7034639,
          "_longitude": 38.9580515
        },
        "geohash": "sye8y98m",
        "updatedat": {
          "_seconds": 1769107907,
          "_nanoseconds": 726000000
        }
      }
    },
    {
      "type": "Feature",
      "geometry": {
        "type": "Point",
        "coordinates": [
          60.0744555,
          41.7675771
        ]
      },
      "properties": {
        "id": "IMOrbgojVFCoSVZ6U9eM",
        "is_open": 2,
        "name": "Shavat / Dashoguz",
        "countries": "UZB-TKM",
        "location": {
          "_latitude": 41.7675771,
          "_longitude": 60.0744555
        },
        "geohash": "tr6tx58c",
        "updatedat": {
          "_seconds": 1769107907,
          "_nanoseconds": 746000000
        }
      }
    },
    {
      "type": "Feature",
      "geometry": {
        "type": "Point",
        "coordinates": [
          80.624637,
          43.6725198
        ]
      },
      "properties": {
        "id": "Id2lAvrclzVyFcqkqTUS",
        "is_open": 1,
        "countries": "KAZ-CHN",
        "location": {
          "_latitude": 43.6725198,
          "_longitude": 80.624637
        },
        "name": "Kolzhat/Dolat",
        "geohash": "tzc26wm4",
        "updatedat": {
          "_seconds": 1769107907,
          "_nanoseconds": 766000000
        }
      }
    },
    {
      "type": "Feature",
      "geometry": {
        "type": "Point",
        "coordinates": [
          105.1588253,
          18.3881777
        ]
      },
      "properties": {
        "id": "IdXMZwUij9ueqv5WkCZE",
        "is_open": 2,
        "name": "Nam Phao/Cau Treo",
        "countries": "LAO-VNM",
        "location": {
          "_latitude": 18.3881777,
          "_longitude": 105.1588253
        },
        "comment": "Lao VOA not available and eVisa not accepted.",
        "comment_translations": {
          "en": "Lao VOA not available and eVisa not accepted.",
          "fr": "Le visa à l'arrivée pour le Laos n'est pas disponible et le visa électronique n'est pas accepté.",
          "de": "Laotische Visa bei Ankunft (VOA) sind nicht verfügbar und elektronische Visa (eVisa) werden nicht akzeptiert.",
          "it": "Il visto d'ingresso per il Laos non è disponibile e il visto elettronico non è accettato.",
          "es": "Lao VOA no está disponible y eVisa no se acepta.",
          "pt": "Visto Laosiano na chegada (VOA) não disponível e visto eletrônico (eVisa) não aceito.",
          "nl": "Een visum bij aankomst in Laos is niet beschikbaar en een e-visum wordt niet geaccepteerd.",
          "pl": "Usługa VOA w Laosie jest niedostępna, a e-wiza nie jest akceptowana.",
          "ru": "Визы по прибытии в Лаос не предоставляются, электронные визы не принимаются."
        },
        "geohash": "w76b8gqq",
        "updatedat": {
          "_seconds": 1769107907,
          "_nanoseconds": 814000000
        }
      }
    },
    {
      "type": "Feature",
      "geometry": {
        "type": "Point",
        "coordinates": [
          102.7307591,
          17.8646345
        ]
      },
      "properties": {
        "id": "Ie7cKflU0hcST09yoUzg",
        "is_open": 2,
        "name": "Nong Khai/Vientiane",
        "countries": "THA-LAO",
        "location": {
          "_latitude": 17.8646345,
          "_longitude": 102.7307591
        },
        "geohash": "w71j9snm",
        "updatedat": {
          "_seconds": 1769107907,
          "_nanoseconds": 852000000
        }
      }
    },
    {
      "type": "Feature",
      "geometry": {
        "type": "Point",
        "coordinates": [
          51.543277,
          51.504733
        ]
      },
      "properties": {
        "id": "IfKChReQMjseN8R3EsHc",
        "is_open": 1,
        "name": "Teploe / Shagan",
        "location": {
          "_latitude": 51.504733,
          "_longitude": 51.543277
        },
        "countries": "RUS-KAZ",
        "createdat": {
          "_seconds": 1764172688,
          "_nanoseconds": 620000000
        },
        "geohash": "v1hthbhs",
        "updatedat": {
          "_seconds": 1769107907,
          "_nanoseconds": 871000000
        }
      }
    },
    {
      "type": "Feature",
      "geometry": {
        "type": "Point",
        "coordinates": [
          115.8626848,
          48.5970085
        ]
      },
      "properties": {
        "id": "IrRNoKKtDTfTRbIL9P7x",
        "is_open": 1,
        "countries": "MNG-CHN",
        "location": {
          "_latitude": 48.5970085,
          "_longitude": 115.8626848
        },
        "name": "Khaviragiin/Ar-Khunshuut",
        "geohash": "y8dkkwbd",
        "updatedat": {
          "_seconds": 1769107907,
          "_nanoseconds": 892000000
        }
      }
    },
    {
      "type": "Feature",
      "geometry": {
        "type": "Point",
        "coordinates": [
          100.1793761,
          6.6962594
        ]
      },
      "properties": {
        "id": "JSXsh8Pr5izA5jz4sBqj",
        "is_open": 2,
        "name": "Wang Prajan/Wang Kelian",
        "countries": "THA-MYS",
        "location": {
          "_latitude": 6.6962594,
          "_longitude": 100.1793761
        },
        "geohash": "w1pnpeh2",
        "updatedat": {
          "_seconds": 1769107907,
          "_nanoseconds": 929000000
        }
      }
    },
    {
      "type": "Feature",
      "geometry": {
        "type": "Point",
        "coordinates": [
          30.635873,
          62.168784
        ]
      },
      "properties": {
        "id": "JbF9h2iPcOzWjSyBnvtq",
        "is_open": 0,
        "name": "Vyartsilya / Niirala",
        "location": {
          "_latitude": 62.168784,
          "_longitude": 30.635873
        },
        "countries": "FIN-RUS",
        "createdat": {
          "_seconds": 1764171929,
          "_nanoseconds": 857000000
        },
        "geohash": "uejc9jkr",
        "updatedat": {
          "_seconds": 1769107907,
          "_nanoseconds": 947000000
        }
      }
    },
    {
      "type": "Feature",
      "geometry": {
        "type": "Point",
        "coordinates": [
          100.3268058,
          6.6653385
        ]
      },
      "properties": {
        "id": "Jgc7YesrAtPTqiOVzCdg",
        "is_open": 2,
        "name": "Padang Besar",
        "countries": "THA-MYS",
        "location": {
          "_latitude": 6.6653385,
          "_longitude": 100.3268058
        },
        "geohash": "w1pmfvru",
        "updatedat": {
          "_seconds": 1769107907,
          "_nanoseconds": 981000000
        }
      }
    },
    {
      "type": "Feature",
      "geometry": {
        "type": "Point",
        "coordinates": [
          25.7000408,
          54.544123
        ]
      },
      "properties": {
        "id": "K8TYxOcH9Ba9pbvZRvnQ",
        "is_open": 2,
        "name": "Medininkai / Kamenny Log",
        "countries": "LTU-BLR",
        "location": {
          "_latitude": 54.544123,
          "_longitude": 25.7000408
        },
        "geohash": "u9dq2c6n",
        "updatedat": {
          "_seconds": 1769107908,
          "_nanoseconds": 1000000
        }
      }
    },
    {
      "type": "Feature",
      "geometry": {
        "type": "Point",
        "coordinates": [
          103.9659126,
          22.5067918
        ]
      },
      "properties": {
        "id": "K9OA4D6N3YFIIUf1F8Hx",
        "is_open": 2,
        "name": "Lao Cai/Hekou",
        "countries": "CHN-VNM",
        "location": {
          "_latitude": 22.5067918,
          "_longitude": 103.9659126
        },
        "geohash": "wk1bjc1x",
        "updatedat": {
          "_seconds": 1769107908,
          "_nanoseconds": 20000000
        }
      }
    },
    {
      "type": "Feature",
      "geometry": {
        "type": "Point",
        "coordinates": [
          47.7101423,
          30.0926546
        ]
      },
      "properties": {
        "id": "KFFqTSDZcDo4DMn0a9Je",
        "is_open": 2,
        "countries": "IRQ-KWT",
        "location": {
          "_latitude": 30.0926546,
          "_longitude": 47.7101423
        },
        "name": " Safwan/Abdali",
        "geohash": "tj3gjwjq",
        "updatedat": {
          "_seconds": 1769107908,
          "_nanoseconds": 71000000
        }
      }
    },
    {
      "type": "Feature",
      "geometry": {
        "type": "Point",
        "coordinates": [
          80.3988612,
          44.1571787
        ]
      },
      "properties": {
        "id": "L46IwMSOyhSqjMQvtHHZ",
        "is_open": 2,
        "countries": "KAZ-CHN",
        "location": {
          "_latitude": 44.1571787,
          "_longitude": 80.3988612
        },
        "name": "Khorgos",
        "geohash": "tzc5jw8d",
        "updatedat": {
          "_seconds": 1769107908,
          "_nanoseconds": 91000000
        }
      }
    },
    {
      "type": "Feature",
      "geometry": {
        "type": "Point",
        "coordinates": [
          69.4085686,
          41.5236949
        ]
      },
      "properties": {
        "id": "L7jqMazYIXoTy1bVa7Ne",
        "is_open": 1,
        "name": "Kazygurt / Mayskiy",
        "countries": "KAZ-UZB",
        "location": {
          "_latitude": 41.5236949,
          "_longitude": 69.4085686
        },
        "geohash": "tx3k5rjv",
        "updatedat": {
          "_seconds": 1769107908,
          "_nanoseconds": 127000000
        }
      }
    },
    {
      "type": "Feature",
      "geometry": {
        "type": "Point",
        "coordinates": [
          105.4693732,
          15.1316501
        ]
      },
      "properties": {
        "id": "LBZ10Yxtgw3cPz9hzja2",
        "is_open": 2,
        "name": "Chong Mek/Vang Tao",
        "countries": "THA-LAO",
        "location": {
          "_latitude": 15.1316501,
          "_longitude": 105.4693732
        },
        "comment": "Lao VOA available but eVisa is not accepted.",
        "comment_translations": {
          "en": "Lao VOA available but eVisa is not accepted.",
          "fr": "Le visa à l'arrivée pour le Laos est disponible, mais le visa électronique n'est pas accepté.",
          "de": "Laotische Visa bei Ankunft (VOA) sind verfügbar, eVisa werden jedoch nicht akzeptiert.",
          "it": "È disponibile il visto d'ingresso per il Laos, ma non è accettato il visto elettronico.",
          "es": "Laos VOA está disponible, pero no se acepta eVisa.",
          "pt": "Visto para o Laos disponível, mas visto eletrônico (eVisa) não aceito.",
          "nl": "Een visum bij aankomst in Laos is beschikbaar, maar een e-visum wordt niet geaccepteerd.",
          "pl": "Usługa Lao VOA jest dostępna, ale eVisa nie jest akceptowana.",
          "ru": "Визы по прибытии в Лаос принимаются, но электронные визы не принимаются."
        },
        "geohash": "w6en048k",
        "updatedat": {
          "_seconds": 1769107908,
          "_nanoseconds": 163000000
        }
      }
    },
    {
      "type": "Feature",
      "geometry": {
        "type": "Point",
        "coordinates": [
          19.901304,
          54.439183
        ]
      },
      "properties": {
        "id": "LBg6mGCdbNvapKGjLU9u",
        "is_open": 2,
        "name": "Mamonovo / Gronovo",
        "location": {
          "_latitude": 54.439183,
          "_longitude": 19.901304
        },
        "countries": "RUS-POL",
        "createdat": {
          "_seconds": 1764172512,
          "_nanoseconds": 657000000
        },
        "geohash": "u3wjsy7e",
        "updatedat": {
          "_seconds": 1769107908,
          "_nanoseconds": 182000000
        }
      }
    },
    {
      "type": "Feature",
      "geometry": {
        "type": "Point",
        "coordinates": [
          55.9969816,
          44.8959036
        ]
      },
      "properties": {
        "id": "LTsCDi3XQr465FXmhAYO",
        "is_open": 0,
        "name": "Tejen",
        "countries": "KAZ-UZB",
        "location": {
          "_latitude": 44.8959036,
          "_longitude": 55.9969816
        },
        "comment": "Closed for renovation. Should re-open in 2026.",
        "comment_translations": {
          "en": "Closed for renovation. Should re-open in 2026.",
          "fr": "Fermé pour rénovation. Réouverture prévue en 2026.",
          "de": "Wegen Renovierungsarbeiten geschlossen. Voraussichtliche Wiedereröffnung im Jahr 2026.",
          "it": "Chiuso per ristrutturazione. Riapertura prevista nel 2026.",
          "es": "Cerrado por reformas. Debería reabrir en 2026.",
          "pt": "Fechado para reforma. Deve reabrir em 2026.",
          "nl": "Gesloten vanwege renovatie. Naar verwachting heropent het in 2026.",
          "pl": "Zamknięte z powodu remontu. Powinno zostać ponownie otwarte w 2026 roku.",
          "ru": "Закрыто на реконструкцию. Ожидается открытие в 2026 году."
        },
        "geohash": "tpzz6jpc",
        "updatedat": {
          "_seconds": 1769107908,
          "_nanoseconds": 215000000
        }
      }
    },
    {
      "type": "Feature",
      "geometry": {
        "type": "Point",
        "coordinates": [
          131.1884721,
          44.4099846
        ]
      },
      "properties": {
        "id": "LW4ksNtKpaEoQW8d3DDh",
        "is_open": 2,
        "countries": "RUS-CHN",
        "location": {
          "_latitude": 44.4099846,
          "_longitude": 131.1884721
        },
        "name": "Pogranitschny/Suifenhe",
        "geohash": "wzvk9k8d",
        "updatedat": {
          "_seconds": 1769107908,
          "_nanoseconds": 249000000
        }
      }
    },
    {
      "type": "Feature",
      "geometry": {
        "type": "Point",
        "coordinates": [
          42.5645842,
          37.143435
        ]
      },
      "properties": {
        "id": "M2u3X3vnmIZshuCS9nxC",
        "is_open": 2,
        "countries": "TUR-IRQ",
        "location": {
          "_latitude": 37.143435,
          "_longitude": 42.5645842
        },
        "name": "Ibrahim Khalil",
        "geohash": "syw729f8",
        "updatedat": {
          "_seconds": 1769107908,
          "_nanoseconds": 290000000
        }
      }
    },
    {
      "type": "Feature",
      "geometry": {
        "type": "Point",
        "coordinates": [
          72.792108,
          54.159304
        ]
      },
      "properties": {
        "id": "MK3qzThhwhrJCJmUoA3A",
        "is_open": 1,
        "name": "Odesskoe / Bidaik",
        "location": {
          "_latitude": 54.159304,
          "_longitude": 72.792108
        },
        "countries": "RUS-KAZ",
        "createdat": {
          "_seconds": 1764172688,
          "_nanoseconds": 479000000
        },
        "geohash": "v9eu07ms",
        "updatedat": {
          "_seconds": 1769107908,
          "_nanoseconds": 310000000
        }
      }
    },
    {
      "type": "Feature",
      "geometry": {
        "type": "Point",
        "coordinates": [
          25.3759668,
          54.2745663
        ]
      },
      "properties": {
        "id": "MN2FuTOhHmbvkt0aEbEV",
        "is_open": 2,
        "name": "Šalčininkai / Bieniakoni",
        "countries": "LTU-BLR",
        "location": {
          "_latitude": 54.2745663,
          "_longitude": 25.3759668
        },
        "geohash": "u9dhc2qh",
        "updatedat": {
          "_seconds": 1769107908,
          "_nanoseconds": 346000000
        }
      }
    },
    {
      "type": "Feature",
      "geometry": {
        "type": "Point",
        "coordinates": [
          52.5539202,
          17.8036693
        ]
      },
      "properties": {
        "id": "MSNG8vHoDNhSG6AFxT4c",
        "is_open": -1,
        "countries": "OMN-YEM",
        "location": {
          "_latitude": 17.8036693,
          "_longitude": 52.5539202
        },
        "name": "Shihan-Al Mazyunah",
        "geohash": "t5jm7ch9",
        "updatedat": {
          "_seconds": 1769107908,
          "_nanoseconds": 382000000
        }
      }
    },
    {
      "type": "Feature",
      "geometry": {
        "type": "Point",
        "coordinates": [
          41.217732,
          37.0626854
        ]
      },
      "properties": {
        "id": "Me4PzJ991OBSzj2n34Ex",
        "is_open": 0,
        "name": "Nusaybin",
        "countries": "TUR-SYR",
        "location": {
          "_latitude": 37.0626854,
          "_longitude": 41.217732
        },
        "geohash": "syt6cgjc",
        "updatedat": {
          "_seconds": 1769107908,
          "_nanoseconds": 400000000
        }
      }
    },
    {
      "type": "Feature",
      "geometry": {
        "type": "Point",
        "coordinates": [
          74.8009878,
          38.1492243
        ]
      },
      "properties": {
        "id": "MhXIq32GLt6ZAuUYWz8L",
        "is_open": 2,
        "name": "Kulma",
        "countries": "TJK-CHN",
        "location": {
          "_latitude": 38.1492243,
          "_longitude": 74.8009878
        },
        "geohash": "twv1n0u7",
        "updatedat": {
          "_seconds": 1769107908,
          "_nanoseconds": 419000000
        }
      }
    },
    {
      "type": "Feature",
      "geometry": {
        "type": "Point",
        "coordinates": [
          101.2831521,
          42.5913525
        ]
      },
      "properties": {
        "id": "NPZA6bYfLTXatkzpExpR",
        "is_open": 1,
        "countries": "MNG-CHN",
        "location": {
          "_latitude": 42.5913525,
          "_longitude": 101.2831521
        },
        "name": "Sheveekhuren/Ceke",
        "geohash": "wr842c80",
        "updatedat": {
          "_seconds": 1769107908,
          "_nanoseconds": 451000000
        }
      }
    },
    {
      "type": "Feature",
      "geometry": {
        "type": "Point",
        "coordinates": [
          61.5502529,
          28.9775633
        ]
      },
      "properties": {
        "id": "NVfYkV2NKM1ouzRNW2hR",
        "is_open": 2,
        "countries": "IRN-PAK",
        "location": {
          "_latitude": 28.9775633,
          "_longitude": 61.5502529
        },
        "name": "Mirjaveh - Taftan",
        "geohash": "tm5ube5w",
        "updatedat": {
          "_seconds": 1769107908,
          "_nanoseconds": 473000000
        }
      }
    },
    {
      "type": "Feature",
      "geometry": {
        "type": "Point",
        "coordinates": [
          68.5771731,
          40.7869504
        ]
      },
      "properties": {
        "id": "Nfk2WibsNSxef9ZJpvaS",
        "is_open": 1,
        "name": "Syrdarya / Malek",
        "countries": "KAZ-UZB",
        "location": {
          "_latitude": 40.7869504,
          "_longitude": 68.5771731
        },
        "geohash": "tx2b0903",
        "updatedat": {
          "_seconds": 1769107908,
          "_nanoseconds": 492000000
        }
      }
    },
    {
      "type": "Feature",
      "geometry": {
        "type": "Point",
        "coordinates": [
          104.4536647,
          10.4263788
        ]
      },
      "properties": {
        "id": "NkFV9IJNqmcm54MSuHBY",
        "is_open": 2,
        "name": "Prek Chak/Ha Tien",
        "countries": "VNM-KHM",
        "location": {
          "_latitude": 10.4263788,
          "_longitude": 104.4536647
        },
        "geohash": "w3f72fhf",
        "updatedat": {
          "_seconds": 1769107908,
          "_nanoseconds": 510000000
        }
      }
    },
    {
      "type": "Feature",
      "geometry": {
        "type": "Point",
        "coordinates": [
          124.950624,
          -8.9589752
        ]
      },
      "properties": {
        "id": "NqyYJ8IEUrgoTfFhK9hJ",
        "is_open": 2,
        "name": "Motaain/Batugade",
        "countries": "IDN-TLS",
        "location": {
          "_latitude": -8.9589752,
          "_longitude": 124.950624
        },
        "geohash": "qy2v5346",
        "updatedat": {
          "_seconds": 1769107908,
          "_nanoseconds": 531000000
        }
      }
    },
    {
      "type": "Feature",
      "geometry": {
        "type": "Point",
        "coordinates": [
          59.3016982,
          42.3736833
        ]
      },
      "properties": {
        "id": "O8MX9FOvNNCOQEJ9yPM6",
        "is_open": 2,
        "countries": "UZB-TKM",
        "location": {
          "_latitude": 42.3736833,
          "_longitude": 59.3016982
        },
        "name": "Khodjeyli / Konye-Urgench",
        "geohash": "trd1j3yh",
        "updatedat": {
          "_seconds": 1769107908,
          "_nanoseconds": 548000000
        }
      }
    },
    {
      "type": "Feature",
      "geometry": {
        "type": "Point",
        "coordinates": [
          50.8223462,
          24.7271429
        ]
      },
      "properties": {
        "id": "OJt7ldMf9ywt6lkK7oZA",
        "is_open": 2,
        "countries": "SAU-QAT",
        "location": {
          "_latitude": 24.7271429,
          "_longitude": 50.8223462
        },
        "name": "Salwa/Abu Samra",
        "geohash": "thkhsmrw",
        "updatedat": {
          "_seconds": 1769107908,
          "_nanoseconds": 589000000
        }
      }
    },
    {
      "type": "Feature",
      "geometry": {
        "type": "Point",
        "coordinates": [
          52.6532056,
          41.9006989
        ]
      },
      "properties": {
        "id": "OKEtwV9XiyGcCn7SwIxK",
        "is_open": 0,
        "countries": "KAZ-TKM",
        "location": {
          "_latitude": 41.9006989,
          "_longitude": 52.6532056
        },
        "name": "Garabogaz / Temir Baba",
        "geohash": "tpmqq5uc",
        "updatedat": {
          "_seconds": 1769107908,
          "_nanoseconds": 623000000
        }
      }
    },
    {
      "type": "Feature",
      "geometry": {
        "type": "Point",
        "coordinates": [
          84.8547709,
          26.9881573
        ]
      },
      "properties": {
        "id": "OTU0dUnVAuLgFadUsOww",
        "is_open": 2,
        "countries": "IND-NPL",
        "location": {
          "_latitude": 26.9881573,
          "_longitude": 84.8547709
        },
        "name": "Raxaul/Birgunj",
        "geohash": "tuu3dcj3",
        "updatedat": {
          "_seconds": 1769107908,
          "_nanoseconds": 658000000
        }
      }
    },
    {
      "type": "Feature",
      "geometry": {
        "type": "Point",
        "coordinates": [
          83.4698147,
          27.4759208
        ]
      },
      "properties": {
        "id": "OVKyn3uAqJc3GpaVIrML",
        "is_open": 2,
        "countries": "IND-NPL",
        "location": {
          "_latitude": 27.4759208,
          "_longitude": 83.4698147
        },
        "name": "Sonauli",
        "geohash": "tugk73uf",
        "updatedat": {
          "_seconds": 1769107908,
          "_nanoseconds": 676000000
        }
      }
    },
    {
      "type": "Feature",
      "geometry": {
        "type": "Point",
        "coordinates": [
          109.679578,
          1.6116537
        ]
      },
      "properties": {
        "id": "OedEiwEdDEBWkGRCfWyG",
        "is_open": 2,
        "countries": "IDN-MYS",
        "location": {
          "_latitude": 1.6116537,
          "_longitude": 109.679578
        },
        "name": "Biawak/Aruk",
        "geohash": "w2mcpv6h",
        "updatedat": {
          "_seconds": 1769107908,
          "_nanoseconds": 696000000
        }
      }
    },
    {
      "type": "Feature",
      "geometry": {
        "type": "Point",
        "coordinates": [
          62.129645,
          53.003526
        ]
      },
      "properties": {
        "id": "OoUeMg5qQZlp6WN5XItS",
        "is_open": 1,
        "name": "Nikolaevka / Ayat",
        "location": {
          "_latitude": 53.003526,
          "_longitude": 62.129645
        },
        "countries": "RUS-KAZ",
        "createdat": {
          "_seconds": 1764172689,
          "_nanoseconds": 531000000
        },
        "geohash": "v3kjtbcr",
        "updatedat": {
          "_seconds": 1769107908,
          "_nanoseconds": 713000000
        }
      }
    },
    {
      "type": "Feature",
      "geometry": {
        "type": "Point",
        "coordinates": [
          28.841682,
          61.123856
        ]
      },
      "properties": {
        "id": "OpwjpCWUuvaRKtylW0ZQ",
        "is_open": 0,
        "name": "Svetogorsk / Imatra",
        "location": {
          "_latitude": 61.123856,
          "_longitude": 28.841682
        },
        "countries": "FIN-RUS",
        "createdat": {
          "_seconds": 1764171929,
          "_nanoseconds": 486000000
        },
        "geohash": "udue8r3b",
        "updatedat": {
          "_seconds": 1769107908,
          "_nanoseconds": 734000000
        }
      }
    },
    {
      "type": "Feature",
      "geometry": {
        "type": "Point",
        "coordinates": [
          73.8075000010431,
          53.7267000004649
        ]
      },
      "properties": {
        "id": "OvNXJHd3TkJiL8GEdoxU",
        "is_open": 1,
        "name": "Nevolnoe / Amangeldy",
        "location": {
          "_latitude": 53.7267000004649,
          "_longitude": 73.8075000010431
        },
        "countries": "RUS-KAZ",
        "createdat": {
          "_seconds": 1764172688,
          "_nanoseconds": 416000000
        },
        "geohash": "v9s3xs8u",
        "updatedat": {
          "_seconds": 1769107908,
          "_nanoseconds": 754000000
        }
      }
    },
    {
      "type": "Feature",
      "geometry": {
        "type": "Point",
        "coordinates": [
          34.9786272,
          29.575104
        ]
      },
      "properties": {
        "id": "PRTUxiDKP3HgR3cjFHTh",
        "is_open": 2,
        "countries": "ISR-JOR",
        "location": {
          "_latitude": 29.575104,
          "_longitude": 34.9786272
        },
        "name": "Wadi Araba / Itzhak Rabin",
        "geohash": "sv2b5zyx",
        "updatedat": {
          "_seconds": 1769107908,
          "_nanoseconds": 772000000
        }
      }
    },
    {
      "type": "Feature",
      "geometry": {
        "type": "Point",
        "coordinates": [
          81.0285145,
          30.2329056
        ]
      },
      "properties": {
        "id": "PRmyIsj95881vS01nTL9",
        "is_open": 0,
        "comment": "Only open for bilateral trade, no tourists allowed, except Indian pilgrims to Kailash, with special permit.",
        "countries": "IND-CHN",
        "location": {
          "_latitude": 30.2329056,
          "_longitude": 81.0285145
        },
        "name": "Lipulekh",
        "comment_translations": {
          "en": "Only open for bilateral trade, no tourists allowed, except Indian pilgrims to Kailash, with special permit.",
          "fr": "Ouvert uniquement aux échanges bilatéraux, aucun touriste n'est autorisé, à l'exception des pèlerins indiens se rendant au Kailash, munis d'un permis spécial.",
          "de": "Nur für den bilateralen Handel geöffnet, Touristen sind nicht zugelassen, ausgenommen indische Pilger nach Kailash mit Sondergenehmigung.",
          "it": "Aperto solo per il commercio bilaterale, non sono ammessi turisti, eccetto i pellegrini indiani al Kailash, per i quali è previsto un permesso speciale.",
          "es": "Abierto únicamente para comercio bilateral, no se permiten turistas, excepto peregrinos indios a Kailash, con un permiso especial.",
          "pt": "Aberto apenas para comércio bilateral, turistas não são permitidos, exceto peregrinos indianos ao Kailash, com permissão especial.",
          "nl": "Alleen open voor bilaterale handel, geen toeristen toegestaan, behalve Indiase pelgrims naar Kailash met een speciale vergunning.",
          "pl": "Otwarte tylko na handel dwustronny, wstęp wzbroniony turystom, z wyjątkiem pielgrzymów z Indii do Kailash, którzy muszą uzyskać specjalne zezwolenie.",
          "ru": "Открыто только для двусторонней торговли, туристам вход воспрещен, за исключением индийских паломников на Кайлаш, при наличии специального разрешения."
        },
        "geohash": "tv3egzep",
        "updatedat": {
          "_seconds": 1769107908,
          "_nanoseconds": 791000000
        }
      }
    },
    {
      "type": "Feature",
      "geometry": {
        "type": "Point",
        "coordinates": [
          49.880509,
          51.216321
        ]
      },
      "properties": {
        "id": "Pclxp29gTCUMF2mdzpOp",
        "is_open": 2,
        "name": "Ozinki / Taskala",
        "location": {
          "_latitude": 51.216321,
          "_longitude": 49.880509
        },
        "countries": "RUS-KAZ",
        "createdat": {
          "_seconds": 1764172688,
          "_nanoseconds": 553000000
        },
        "geohash": "v157r59u",
        "updatedat": {
          "_seconds": 1769107908,
          "_nanoseconds": 810000000
        }
      }
    },
    {
      "type": "Feature",
      "geometry": {
        "type": "Point",
        "coordinates": [
          48.3600117,
          39.3891035
        ]
      },
      "properties": {
        "id": "Pd4dkXLBBAoJ56Nz09KV",
        "is_open": 3,
        "countries": "AZE-IRN",
        "location": {
          "_latitude": 39.3891035,
          "_longitude": 48.3600117
        },
        "name": "Bilasuvar",
        "geohash": "tp42h6wd",
        "updatedat": {
          "_seconds": 1769107908,
          "_nanoseconds": 846000000
        }
      }
    },
    {
      "type": "Feature",
      "geometry": {
        "type": "Point",
        "coordinates": [
          112.6008041,
          49.5113242
        ]
      },
      "properties": {
        "id": "PwiAu22NQSL5Bp4BmLJB",
        "is_open": 1,
        "countries": "RUS-MNG",
        "location": {
          "_latitude": 49.5113242,
          "_longitude": 112.6008041
        },
        "name": "Verkhniy Ulkhun",
        "geohash": "y8b1dm32",
        "updatedat": {
          "_seconds": 1769107908,
          "_nanoseconds": 868000000
        }
      }
    },
    {
      "type": "Feature",
      "geometry": {
        "type": "Point",
        "coordinates": [
          60.615823,
          51.576089
        ]
      },
      "properties": {
        "id": "PxjDooBZjCiIKuNMlPZG",
        "is_open": 1,
        "name": "Komsomolskiy / Kondybay",
        "location": {
          "_latitude": 51.576089,
          "_longitude": 60.615823
        },
        "countries": "RUS-KAZ",
        "createdat": {
          "_seconds": 1764172688,
          "_nanoseconds": 811000000
        },
        "geohash": "v35j7m5h",
        "updatedat": {
          "_seconds": 1769107908,
          "_nanoseconds": 888000000
        }
      }
    },
    {
      "type": "Feature",
      "geometry": {
        "type": "Point",
        "coordinates": [
          106.5427217,
          11.9684548
        ]
      },
      "properties": {
        "id": "PywjXKPMj0M5mdkLL6bP",
        "is_open": 2,
        "name": "Trapaing Sre/Hoa Lur",
        "countries": "VNM-KHM",
        "location": {
          "_latitude": 11.9684548,
          "_longitude": 106.5427217
        },
        "comment": "Vietnam eVisa not accepted.",
        "comment_translations": {
          "en": "Vietnam eVisa not accepted.",
          "fr": "Visa électronique vietnamien non accepté.",
          "de": "Vietnam eVisum wird nicht akzeptiert.",
          "it": "Visto elettronico per il Vietnam non accettato.",
          "es": "No se acepta la eVisa de Vietnam.",
          "pt": "O visto eletrônico para o Vietnã não é aceito.",
          "nl": "Het e-visum voor Vietnam wordt niet geaccepteerd.",
          "pl": "Wietnamska wiza elektroniczna nie jest akceptowana.",
          "ru": "Электронные визы во Вьетнам не принимаются."
        },
        "geohash": "w65u06y1",
        "updatedat": {
          "_seconds": 1769107908,
          "_nanoseconds": 934000000
        }
      }
    },
    {
      "type": "Feature",
      "geometry": {
        "type": "Point",
        "coordinates": [
          88.8308961,
          27.3868289
        ]
      },
      "properties": {
        "id": "Q6pZ09C5JYcXzw42adqP",
        "is_open": 0,
        "comment": "Generally closed, except for local traders and Indian pilgrims to the Kailash Mansarovar Yatra (special permit).\nIndian tourists can drive up to the border, but foreigners can't.",
        "countries": "IND-CHN",
        "location": {
          "_latitude": 27.3868289,
          "_longitude": 88.8308961
        },
        "name": "Nathu La",
        "comment_translations": {
          "en": "Generally closed, except for local traders and Indian pilgrims to the Kailash Mansarovar Yatra (special permit).\nIndian tourists can drive up to the border, but foreigners can't.",
          "fr": "Généralement fermée, sauf pour les commerçants locaux et les pèlerins indiens effectuant le pèlerinage de Kailash Mansarovar (munis d'un permis spécial).\n\nLes touristes indiens peuvent s'approcher de la frontière en voiture, mais pas les étrangers.",
          "de": "Die Grenze ist in der Regel geschlossen, außer für lokale Händler und indische Pilger der Kailash-Mansarovar-Yatra (mit Sondergenehmigung). Indische Touristen dürfen bis zur Grenze fahren, Ausländer jedoch nicht.",
          "it": "Generalmente chiuso, fatta eccezione per i commercianti locali e i pellegrini indiani diretti al Kailash Mansarovar Yatra (con permesso speciale).\nI turisti indiani possono arrivare in auto fino al confine, ma gli stranieri no.",
          "es": "Generalmente cerrado, excepto para comerciantes locales y peregrinos indios que asisten al Kailash Mansarovar Yatra (permiso especial). Los turistas indios pueden conducir hasta la frontera, pero los extranjeros no.",
          "pt": "Geralmente fechado, exceto para comerciantes locais e peregrinos indianos que participam da Kailash Mansarovar Yatra (com permissão especial).\nTuristas indianos podem dirigir até a fronteira, mas estrangeiros não.",
          "nl": "Over het algemeen gesloten, behalve voor lokale handelaren en Indiase pelgrims naar de Kailash Mansarovar Yatra (speciale vergunning vereist).\nIndiase toeristen kunnen tot aan de grens rijden, maar buitenlanders niet.",
          "pl": "Generalnie zamknięte, z wyjątkiem lokalnych handlarzy i indyjskich pielgrzymów do Kailash Mansarovar Yatra (ze specjalnym zezwoleniem).\nTuryści z Indii mogą dojechać do granicy samochodem, ale obcokrajowcy nie.",
          "ru": "В целом закрыто, за исключением местных торговцев и индийских паломников, совершающих паломничество к Кайлаш-Мансаровару (по специальному разрешению).\nИндийские туристы могут подъехать к границе на автомобиле, а иностранцы — нет."
        },
        "geohash": "tuz5v3se",
        "updatedat": {
          "_seconds": 1769107908,
          "_nanoseconds": 953000000
        }
      }
    },
    {
      "type": "Feature",
      "geometry": {
        "type": "Point",
        "coordinates": [
          58.4058167,
          37.6299086
        ]
      },
      "properties": {
        "id": "QR1l83ADhazmritzRotj",
        "is_open": 2,
        "name": "Badzhigiran / Gaudan",
        "countries": "IRN-TKM",
        "location": {
          "_latitude": 37.6299086,
          "_longitude": 58.4058167
        },
        "geohash": "tq9w143f",
        "updatedat": {
          "_seconds": 1769107908,
          "_nanoseconds": 973000000
        }
      }
    },
    {
      "type": "Feature",
      "geometry": {
        "type": "Point",
        "coordinates": [
          92.2485568,
          24.8719821
        ]
      },
      "properties": {
        "id": "Qj9qRmXP0hyigP8og9yP",
        "is_open": 2,
        "countries": "IND-BGD",
        "location": {
          "_latitude": 24.8719821,
          "_longitude": 92.2485568
        },
        "name": "Sutarkandi/Sheola",
        "geohash": "wh3t7pv3",
        "updatedat": {
          "_seconds": 1769107908,
          "_nanoseconds": 990000000
        }
      }
    },
    {
      "type": "Feature",
      "geometry": {
        "type": "Point",
        "coordinates": [
          104.0823499,
          19.4730845
        ]
      },
      "properties": {
        "id": "Qp43yzgBhsLqVElYkXiA",
        "is_open": 2,
        "countries": "THA-LAO",
        "location": {
          "_latitude": 19.4730845,
          "_longitude": 104.0823499
        },
        "comment": "Lao VOA not available and eVisa not accepted.",
        "name": "Nam Can",
        "comment_translations": {
          "en": "Lao VOA not available and eVisa not accepted.",
          "fr": "Le visa à l'arrivée pour le Laos n'est pas disponible et le visa électronique n'est pas accepté.",
          "de": "Laotische Visa bei Ankunft (VOA) sind nicht verfügbar und elektronische Visa (eVisa) werden nicht akzeptiert.",
          "it": "Il visto d'ingresso per il Laos non è disponibile e il visto elettronico non è accettato.",
          "es": "Lao VOA no está disponible y eVisa no se acepta.",
          "pt": "Visto Laosiano na chegada (VOA) não disponível e visto eletrônico (eVisa) não aceito.",
          "nl": "Een visum bij aankomst in Laos is niet beschikbaar en een e-visum wordt niet geaccepteerd.",
          "pl": "Usługa VOA w Laosie jest niedostępna, a e-wiza nie jest akceptowana.",
          "ru": "Визы по прибытии в Лаос не предоставляются, электронные визы не принимаются."
        },
        "geohash": "w76nb2yq",
        "updatedat": {
          "_seconds": 1769107909,
          "_nanoseconds": 8000000
        }
      }
    },
    {
      "type": "Feature",
      "geometry": {
        "type": "Point",
        "coordinates": [
          92.067347,
          50.69549
        ]
      },
      "properties": {
        "id": "RCm8QSDHZhkbhiqJnhTA",
        "is_open": 1,
        "countries": "RUS-MNG",
        "location": {
          "_latitude": 50.69549,
          "_longitude": 92.067347
        },
        "name": "Khandagaity/Borsho",
        "geohash": "y112rhc6",
        "updatedat": {
          "_seconds": 1769107909,
          "_nanoseconds": 27000000
        }
      }
    },
    {
      "type": "Feature",
      "geometry": {
        "type": "Point",
        "coordinates": [
          106.1715268,
          11.0759503
        ]
      },
      "properties": {
        "id": "RHP0lYaZ4JL8vxF5O8iy",
        "is_open": 2,
        "countries": "VNM-KHM",
        "name": "Bavet/Moc Bai",
        "location": {
          "_latitude": 11.0759503,
          "_longitude": 106.1715268
        },
        "comment": "Cambodia VOA available, eVisa accepted.",
        "comment_translations": {
          "en": "Cambodia VOA available, eVisa accepted.",
          "fr": "VOA cambodgien disponible, visa électronique accepté.",
          "de": "Kambodschanisches Visum bei Ankunft erhältlich, e-Visum akzeptiert.",
          "it": "Cambogia: disponibile il visto d'ingresso, eVisa accettato.",
          "es": "VOA de Camboya disponible, se acepta eVisa.",
          "pt": "Visto para Camboja disponível, visto eletrônico aceito.",
          "nl": "Visum bij aankomst in Cambodja beschikbaar, e-visum wordt geaccepteerd.",
          "pl": "Dostępna usługa VOA dla Kambodży, akceptowana jest wiza elektroniczna.",
          "ru": "Виза по прибытии в Камбоджу доступна, электронная виза принимается."
        },
        "geohash": "w3grpbrd",
        "updatedat": {
          "_seconds": 1769107909,
          "_nanoseconds": 63000000
        }
      }
    },
    {
      "type": "Feature",
      "geometry": {
        "type": "Point",
        "coordinates": [
          22.736633,
          54.645721
        ]
      },
      "properties": {
        "id": "RIh0ERgdpp9SMLQ0u5rt",
        "is_open": 2,
        "name": "Chernyshevskoe / Kibartay",
        "location": {
          "_latitude": 54.645721,
          "_longitude": 22.736633
        },
        "countries": "LTU-RUS",
        "createdat": {
          "_seconds": 1764171461,
          "_nanoseconds": 893000000
        },
        "geohash": "u98nv7uq",
        "updatedat": {
          "_seconds": 1769107909,
          "_nanoseconds": 84000000
        }
      }
    },
    {
      "type": "Feature",
      "geometry": {
        "type": "Point",
        "coordinates": [
          61.6545268,
          25.3776568
        ]
      },
      "properties": {
        "id": "RQyR6WJu485WDpNf9MJJ",
        "is_open": 2,
        "countries": "IRN-PAK",
        "location": {
          "_latitude": 25.3776568,
          "_longitude": 61.6545268
        },
        "name": "Rimdan",
        "geohash": "tkeb6gz7",
        "updatedat": {
          "_seconds": 1769107909,
          "_nanoseconds": 101000000
        }
      }
    },
    {
      "type": "Feature",
      "geometry": {
        "type": "Point",
        "coordinates": [
          46.206445,
          38.8537671
        ]
      },
      "properties": {
        "id": "RSrmUfZQ817IA4ovcYmo",
        "is_open": 2,
        "countries": "IRN-ARM",
        "location": {
          "_latitude": 38.8537671,
          "_longitude": 46.206445
        },
        "name": "Norduz",
        "geohash": "tnbv53ne",
        "updatedat": {
          "_seconds": 1769107909,
          "_nanoseconds": 117000000
        }
      }
    },
    {
      "type": "Feature",
      "geometry": {
        "type": "Point",
        "coordinates": [
          107.968127,
          21.5378694
        ]
      },
      "properties": {
        "id": "RncggZSryCLVG42aoucy",
        "is_open": 2,
        "name": "Mong Cai/Dongxing",
        "countries": "VNM-CHN",
        "location": {
          "_latitude": 21.5378694,
          "_longitude": 107.968127
        },
        "geohash": "w7uf8bgg",
        "updatedat": {
          "_seconds": 1769107909,
          "_nanoseconds": 134000000
        }
      }
    },
    {
      "type": "Feature",
      "geometry": {
        "type": "Point",
        "coordinates": [
          100.8572602,
          51.6340575
        ]
      },
      "properties": {
        "id": "SE56D1N3m9fEODXuat0z",
        "is_open": 1,
        "countries": "RUS-MNG",
        "location": {
          "_latitude": 51.6340575,
          "_longitude": 100.8572602
        },
        "name": "Khankh/Mondy",
        "geohash": "y1ptxpdn",
        "updatedat": {
          "_seconds": 1769107909,
          "_nanoseconds": 155000000
        }
      }
    },
    {
      "type": "Feature",
      "geometry": {
        "type": "Point",
        "coordinates": [
          81.3329027,
          30.1532053
        ]
      },
      "properties": {
        "id": "SY8xfl3dvhQjed0OnrZu",
        "is_open": 1,
        "comment": "Open for bilateral trade, but also for Indian pilgrims doing the Kailash Mansarovar Yatra, with special permits needed.",
        "countries": "NPL-CHN",
        "location": {
          "_latitude": 30.1532053,
          "_longitude": 81.3329027
        },
        "name": "Purang",
        "comment_translations": {
          "en": "Open for bilateral trade, but also for Indian pilgrims doing the Kailash Mansarovar Yatra, with special permits needed.",
          "fr": "Ouvert au commerce bilatéral, mais aussi aux pèlerins indiens effectuant le Kailash Mansarovar Yatra, moyennant des permis spéciaux.",
          "de": "Offen für den bilateralen Handel, aber auch für indische Pilger, die die Kailash Mansarovar Yatra unternehmen, wofür spezielle Genehmigungen erforderlich sind.",
          "it": "Aperto al commercio bilaterale, ma anche ai pellegrini indiani che partecipano al Kailash Mansarovar Yatra, per i quali sono necessari permessi speciali.",
          "es": "Abierto al comercio bilateral, pero también para peregrinos indios que realizan el Kailash Mansarovar Yatra, con permisos especiales necesarios.",
          "pt": "Aberto ao comércio bilateral, mas também para peregrinos indianos que realizam a Kailash Mansarovar Yatra, mediante a necessidade de autorizações especiais.",
          "nl": "Open voor bilaterale handel, maar ook voor Indiase pelgrims die de Kailash Mansarovar Yatra maken, waarvoor speciale vergunningen nodig zijn.",
          "pl": "Otwarte na handel dwustronny, ale także dla indyjskich pielgrzymów odbywających trasę Kailash Mansarovar Yatra, ale wymagane są specjalne zezwolenia.",
          "ru": "Открыто для двусторонней торговли, а также для индийских паломников, совершающих паломничество к Кайлаш-Мансаровару, при необходимости получения специальных разрешений."
        },
        "geohash": "tv3gdc0z",
        "updatedat": {
          "_seconds": 1769107909,
          "_nanoseconds": 194000000
        }
      }
    },
    {
      "type": "Feature",
      "geometry": {
        "type": "Point",
        "coordinates": [
          23.6560725,
          52.0729083
        ]
      },
      "properties": {
        "id": "SizKPFyAawVAOKZCBWI3",
        "is_open": 2,
        "name": "Terespol / Brest",
        "countries": "POL-BLR",
        "location": {
          "_latitude": 52.0729083,
          "_longitude": 23.6560725
        },
        "geohash": "u92b4r9f",
        "updatedat": {
          "_seconds": 1769107909,
          "_nanoseconds": 210000000
        }
      }
    },
    {
      "type": "Feature",
      "geometry": {
        "type": "Point",
        "coordinates": [
          72.6955,
          37.0625989
        ]
      },
      "properties": {
        "id": "SnaNRv9MSAJcQJz7Qqvr",
        "is_open": 1,
        "name": "Langar / Dehkonkhona",
        "countries": "TJK-AFG",
        "location": {
          "_latitude": 37.0625989,
          "_longitude": 72.6955
        },
        "geohash": "twedy5p1",
        "updatedat": {
          "_seconds": 1769107909,
          "_nanoseconds": 249000000
        }
      }
    },
    {
      "type": "Feature",
      "geometry": {
        "type": "Point",
        "coordinates": [
          45.0705406,
          39.3596189
        ]
      },
      "properties": {
        "id": "SuVdcPEW0oYPFaw7eKFP",
        "is_open": 1,
        "countries": "AZE-IRN",
        "location": {
          "_latitude": 39.3596189,
          "_longitude": 45.0705406
        },
        "name": "Poldasht/Shahtakhti",
        "geohash": "tnbpct5q",
        "updatedat": {
          "_seconds": 1769107909,
          "_nanoseconds": 266000000
        }
      }
    },
    {
      "type": "Feature",
      "geometry": {
        "type": "Point",
        "coordinates": [
          21.903888,
          55.082342
        ]
      },
      "properties": {
        "id": "Sx3Lf5Nzl6Qnrki0vJLA",
        "is_open": 2,
        "name": "Sovetsk / Panemune",
        "location": {
          "_latitude": 55.082342,
          "_longitude": 21.903888
        },
        "countries": "LTU-RUS",
        "createdat": {
          "_seconds": 1764171462,
          "_nanoseconds": 33000000
        },
        "geohash": "u3z967mv",
        "updatedat": {
          "_seconds": 1769107909,
          "_nanoseconds": 318000000
        }
      }
    },
    {
      "type": "Feature",
      "geometry": {
        "type": "Point",
        "coordinates": [
          82.5670353,
          45.1933217
        ]
      },
      "properties": {
        "id": "T92OO4CaekgORPxAKBxR",
        "is_open": 2,
        "countries": "KAZ-CHN",
        "location": {
          "_latitude": 45.1933217,
          "_longitude": 82.5670353
        },
        "name": "Dostyk/Alashankou",
        "geohash": "vb49ng5q",
        "updatedat": {
          "_seconds": 1769107909,
          "_nanoseconds": 339000000
        }
      }
    },
    {
      "type": "Feature",
      "geometry": {
        "type": "Point",
        "coordinates": [
          69.3585889,
          41.4714641
        ]
      },
      "properties": {
        "id": "THIaRpX5dXxrOilTcqot",
        "is_open": 0,
        "name": "Zhibek-Joly / Chernayevka",
        "countries": "KAZ-UZB",
        "location": {
          "_latitude": 41.4714641,
          "_longitude": 69.3585889
        },
        "geohash": "tx37fm9k",
        "updatedat": {
          "_seconds": 1769107909,
          "_nanoseconds": 357000000
        }
      }
    },
    {
      "type": "Feature",
      "geometry": {
        "type": "Point",
        "coordinates": [
          75.4283294,
          36.8503858
        ]
      },
      "properties": {
        "id": "TKkx6MLGuWvmDoKM0zN2",
        "is_open": 2,
        "comment": "Note to cyclists: it's forbidden to ride between Sost and Tashkurgan; you need to take a bus instead, and put the bike on the bus. Motorcycles and cars are OK.\nYou need to to pay 30$ pp on Pakistani side for the entrance into Khunjerab National Park.",
        "countries": "CHN-PAK",
        "location": {
          "_latitude": 36.8503858,
          "_longitude": 75.4283294
        },
        "name": "Khunjerab Pass",
        "comment_translations": {
          "en": "Note to cyclists: it's forbidden to ride between Sost and Tashkurgan; you need to take a bus instead, and put the bike on the bus. Motorcycles and cars are OK.\nYou need to to pay 30$ pp on Pakistani side for the entrance into Khunjerab National Park.",
          "fr": "Avis aux cyclistes : il est interdit de circuler à vélo entre Sost et Tashkurgan ; vous devez prendre le bus et y placer votre vélo. Les motos et les voitures sont autorisées.\n\nL’entrée au parc national de Khunjerab coûte 30 $ par personne côté pakistanais.",
          "de": "Hinweis für Radfahrer: Die Strecke zwischen Sost und Tashkurgan ist mit dem Fahrrad verboten. Bitte benutzen Sie stattdessen den Bus und transportieren Sie Ihr Fahrrad dort. Motorräder und Autos sind erlaubt.\nDer Eintritt in den Khunjerab-Nationalpark kostet 30 US-Dollar pro Person auf pakistanischer Seite.",
          "it": "Nota per i ciclisti: è vietato pedalare tra Sost e Tashkurgan; è necessario prendere un autobus e caricare la bicicletta. Motociclette e auto sono ammesse.\nÈ necessario pagare 30$ a persona sul lato pakistano per l'ingresso al Parco Nazionale di Khunjerab.",
          "es": "Nota para ciclistas: está prohibido circular entre Sost y Tashkurgan; es necesario tomar un autobús y subir la bicicleta. Se permiten motocicletas y coches.\nLa entrada al Parque Nacional Khunjerab cuesta 30 $ por persona en el lado pakistaní.",
          "pt": "Atenção ciclistas: é proibido andar de bicicleta entre Sost e Tashkurgan; você precisa pegar um ônibus e levar a bicicleta a bordo. Motocicletas e carros são permitidos.\nVocê precisa pagar US$ 30 por pessoa no lado paquistanês para entrar no Parque Nacional de Khunjerab.",
          "nl": "Let op voor fietsers: het is verboden om tussen Sost en Tashkurgan te fietsen; neem in plaats daarvan de bus en vervoer de fiets in de bus. Motorfietsen en auto's zijn wel toegestaan.\n\nAan de Pakistaanse kant moet je 30 dollar per persoon betalen voor de toegang tot het Khunjerab Nationaal Park.",
          "pl": "Uwaga dla rowerzystów: jazda między Sost a Tashkurgan jest zabroniona; zamiast tego należy wsiąść do autobusu i umieścić rower w autobusie. Motocykle i samochody są dozwolone.\nPo stronie pakistańskiej za wjazd do Parku Narodowego Khunjerab należy uiścić opłatę 30 USD od osoby.",
          "ru": "Примечание для велосипедистов: езда на велосипеде между Состом и Ташкурганом запрещена; вместо этого необходимо доехать на автобусе и перевезти велосипед в автобусе. Мотоциклы и автомобили разрешены.\nЗа въезд в национальный парк Хунджераб с пакистанской стороны необходимо заплатить 30 долларов с человека."
        },
        "geohash": "twt9skmj",
        "updatedat": {
          "_seconds": 1769107909,
          "_nanoseconds": 378000000
        }
      }
    },
    {
      "type": "Feature",
      "geometry": {
        "type": "Point",
        "coordinates": [
          101.7151593,
          22.4794025
        ]
      },
      "properties": {
        "id": "TcLBOln9SdLIwNetiJkr",
        "is_open": 1,
        "name": "Mengkang/Lanetoui",
        "countries": "CHN-LAO",
        "location": {
          "_latitude": 22.4794025,
          "_longitude": 101.7151593
        },
        "geohash": "w7brfs68",
        "updatedat": {
          "_seconds": 1769107909,
          "_nanoseconds": 401000000
        }
      }
    },
    {
      "type": "Feature",
      "geometry": {
        "type": "Point",
        "coordinates": [
          106.0298901,
          13.9232755
        ]
      },
      "properties": {
        "id": "TuNquqeB5XLGOGWra6Rk",
        "is_open": 2,
        "name": "Nong Nok Khiene/Tropaeng Kreal",
        "countries": "LAO-KHM",
        "location": {
          "_latitude": 13.9232755,
          "_longitude": 106.0298901
        },
        "comment": "Lao VOA available, but eVisa is not accepted.\nCambodian VOA available and eVisa accepted.",
        "comment_translations": {
          "en": "Lao VOA available, but eVisa is not accepted.\nCambodian VOA available and eVisa accepted.",
          "fr": "Le visa à l'arrivée pour le Laos est disponible, mais le visa électronique n'est pas accepté.\n\nLe visa à l'arrivée pour le Cambodge est disponible et le visa électronique est accepté.",
          "de": "Laotisches Visum bei Ankunft (VOA) erhältlich, e-Visum wird jedoch nicht akzeptiert. Kambodschanisches Visum bei Ankunft (VOA) erhältlich, e-Visum wird akzeptiert.",
          "it": "Disponibile il visto d'ingresso per il Laos, ma non è accettato il visto elettronico.\nDisponibile il visto d'ingresso per la Cambogia e il visto elettronico accettato.",
          "es": "VOA de Laos disponible, pero no se acepta visa electrónica. VOA de Camboya disponible, pero se acepta visa electrónica.",
          "pt": "Visto de chegada (VOA) para o Laos disponível, mas visto eletrônico (eVisa) não aceito.\nVoto de chegada (VOA) para o Camboja disponível e visto eletrônico (eVisa) aceito.",
          "nl": "Visum bij aankomst in Laos beschikbaar, maar e-visum wordt niet geaccepteerd.\n\nVisum bij aankomst in Cambodja beschikbaar en e-visum wordt geaccepteerd.",
          "pl": "Dostępna jest VOA dla Laosu, ale e-wiza nie jest akceptowana.\nDostępna jest VOA dla Kambodży i akceptowane są e-wizy.",
          "ru": "Лаосская виза по прибытии (VOA) принимается, но электронная виза не принимается.\nКамбоджийская виза по прибытии (VOA) принимается, а электронная виза — нет."
        },
        "geohash": "w67rhy8s",
        "updatedat": {
          "_seconds": 1769107909,
          "_nanoseconds": 438000000
        }
      }
    },
    {
      "type": "Feature",
      "geometry": {
        "type": "Point",
        "coordinates": [
          70.731634,
          40.1126425
        ]
      },
      "properties": {
        "id": "UK4JsG7P7t1QaRXwcFCH",
        "is_open": 2,
        "name": "Kyzyl-Bel",
        "countries": "TJK-KGZ",
        "location": {
          "_latitude": 40.1126425,
          "_longitude": 70.731634
        },
        "geohash": "tx4k1w31",
        "updatedat": {
          "_seconds": 1769107909,
          "_nanoseconds": 456000000
        }
      }
    },
    {
      "type": "Feature",
      "geometry": {
        "type": "Point",
        "coordinates": [
          27.625134,
          55.8200478
        ]
      },
      "properties": {
        "id": "Ua2enINkej9GXZwJA0V1",
        "is_open": 2,
        "name": "Patarnieki / Grigorovshchina",
        "countries": "LVA-BLR",
        "location": {
          "_latitude": 55.8200478,
          "_longitude": 27.625134
        },
        "comment": "Mandatory reservation: https://lvrobeza.lv/en/reserve/",
        "comment_translations": {
          "en": "Mandatory reservation: https://lvrobeza.lv/en/reserve/",
          "fr": "Réservation obligatoire : https://lvrobeza.lv/en/reserve/",
          "de": "Reservierung erforderlich: https://lvrobeza.lv/en/reserve/",
          "it": "Prenotazione obbligatoria: https://lvrobeza.lv/en/reserve/",
          "es": "Reserva obligatoria: https://lvrobeza.lv/en/reserve/",
          "pt": "Reserva obrigatória: https://lvrobeza.lv/en/reserve/",
          "nl": "Reserveren is verplicht: https://lvrobeza.lv/en/reserve/",
          "pl": "Obowiązkowa rezerwacja: https://lvrobeza.lv/en/reserve/",
          "ru": "Обязательное бронирование: https://lvrobeza.lv/en/reserve/"
        },
        "geohash": "u9gts9sp",
        "updatedat": {
          "_seconds": 1769107909,
          "_nanoseconds": 473000000
        }
      }
    },
    {
      "type": "Feature",
      "geometry": {
        "type": "Point",
        "coordinates": [
          119.3382033,
          50.1997888
        ]
      },
      "properties": {
        "id": "Ue15AAMOxHyDqcmlLaHi",
        "is_open": 1,
        "countries": "RUS-CHN",
        "location": {
          "_latitude": 50.1997888,
          "_longitude": 119.3382033
        },
        "name": "Starotsurukhaytuysky/Heishantou",
        "geohash": "y8uvede6",
        "updatedat": {
          "_seconds": 1769107909,
          "_nanoseconds": 491000000
        }
      }
    },
    {
      "type": "Feature",
      "geometry": {
        "type": "Point",
        "coordinates": [
          65.803555,
          54.646153
        ]
      },
      "properties": {
        "id": "Ur8prBr27nQmbYUkMr2S",
        "is_open": 2,
        "name": "Voskresenskoe / Akbalshyk",
        "location": {
          "_latitude": 54.646153,
          "_longitude": 65.803555
        },
        "countries": "RUS-KAZ",
        "createdat": {
          "_seconds": 1764172689,
          "_nanoseconds": 404000000
        },
        "geohash": "v3wyckh8",
        "updatedat": {
          "_seconds": 1769107909,
          "_nanoseconds": 509000000
        }
      }
    },
    {
      "type": "Feature",
      "geometry": {
        "type": "Point",
        "coordinates": [
          89.3808084,
          26.8612765
        ]
      },
      "properties": {
        "id": "UzBiTIrG21roZIt6vuYS",
        "is_open": 2,
        "countries": "IND-BTN",
        "location": {
          "_latitude": 26.8612765,
          "_longitude": 89.3808084
        },
        "name": "Jaigaon/Phuentsholing",
        "geohash": "tuz8ccvn",
        "updatedat": {
          "_seconds": 1769107909,
          "_nanoseconds": 527000000
        }
      }
    },
    {
      "type": "Feature",
      "geometry": {
        "type": "Point",
        "coordinates": [
          44.3777801,
          39.4122129
        ]
      },
      "properties": {
        "id": "V1l2lChQTOdVACoCzOWW",
        "is_open": 2,
        "countries": "IRN-TUR",
        "location": {
          "_latitude": 39.4122129,
          "_longitude": 44.3777801
        },
        "name": "Bazargan",
        "geohash": "szp81yfb",
        "updatedat": {
          "_seconds": 1769107909,
          "_nanoseconds": 545000000
        }
      }
    },
    {
      "type": "Feature",
      "geometry": {
        "type": "Point",
        "coordinates": [
          95.6272424,
          49.9560564
        ]
      },
      "properties": {
        "id": "V2A5S76ajzunEMreHv1R",
        "is_open": 1,
        "countries": "RUS-MNG",
        "location": {
          "_latitude": 49.9560564,
          "_longitude": 95.6272424
        },
        "name": "Tsagan-Tolgoy/Arts-Sur",
        "geohash": "y0uh0n1x",
        "updatedat": {
          "_seconds": 1769107909,
          "_nanoseconds": 564000000
        }
      }
    },
    {
      "type": "Feature",
      "geometry": {
        "type": "Point",
        "coordinates": [
          85.3780088,
          28.2785926
        ]
      },
      "properties": {
        "id": "VHbtbkquEbv7b0JxAJcq",
        "is_open": 4,
        "comment": "Temporary closed in 2025 when the road was destroyed. Meanwhile the Kodari border post has been reactivated.\nAfter it's fixed, it will again be the only crossing between Tibet and Nepal for tourists.",
        "countries": "NPL-CHN",
        "location": {
          "_latitude": 28.2785926,
          "_longitude": 85.3780088
        },
        "name": "Rasuwagadhi/Gyirong",
        "comment_translations": {
          "en": "Temporary closed in 2025 when the road was destroyed. Meanwhile the Kodari border post has been reactivated.\nAfter it's fixed, it will again be the only crossing between Tibet and Nepal for tourists.",
          "fr": "Fermé temporairement en 2025 suite à la destruction de la route, le poste frontière de Kodari a depuis rouvert ses portes.\n\nUne fois les travaux de réparation terminés, il redeviendra le seul point de passage touristique entre le Tibet et le Népal.",
          "de": "Der Grenzübergang wurde 2025 aufgrund der Zerstörung der Straße vorübergehend geschlossen. Inzwischen ist der Grenzübergang Kodari wieder in Betrieb. Nach der Instandsetzung wird er wieder der einzige Grenzübergang zwischen Tibet und Nepal für Touristen sein.",
          "it": "Chiuso temporaneamente nel 2025, quando la strada fu distrutta. Nel frattempo, il valico di frontiera di Kodari è stato riattivato.\nUna volta riparato, tornerà ad essere l'unico valico tra Tibet e Nepal per i turisti.",
          "es": "Cerrado temporalmente en 2025 cuando la carretera fue destruida. Mientras tanto, el puesto fronterizo de Kodari ha sido reactivado.\nTras su reparación, volverá a ser el único cruce entre el Tíbet y Nepal para turistas.",
          "pt": "Fechado temporariamente em 2025, quando a estrada foi destruída. Entretanto, o posto fronteiriço de Kodari foi reativado.\nApós ser consertado, voltará a ser a única passagem entre o Tibete e o Nepal para turistas.",
          "nl": "De grenspost Kodari werd in 2025 tijdelijk gesloten vanwege wegverwoesting. Inmiddels is de grenspost Kodari weer in gebruik genomen.\n\nNa de reparatie zal het opnieuw de enige grensovergang tussen Tibet en Nepal voor toeristen zijn.",
          "pl": "Tymczasowo zamknięta w 2025 roku, kiedy droga została zniszczona. W międzyczasie ponownie uruchomiono posterunek graniczny w Kodari.\nPo naprawie ponownie będzie to jedyne przejście graniczne między Tybetem a Nepalem dla turystów.",
          "ru": "Временно закрыт в 2025 году из-за разрушения дороги. Тем временем пограничный пункт Кодари был вновь введен в эксплуатацию.\nПосле его ремонта он снова станет единственным пунктом пересечения границы между Тибетом и Непалом для туристов."
        },
        "geohash": "tvh8ygfq",
        "updatedat": {
          "_seconds": 1769107909,
          "_nanoseconds": 582000000
        }
      }
    },
    {
      "type": "Feature",
      "geometry": {
        "type": "Point",
        "coordinates": [
          105.9812093,
          11.6678998
        ]
      },
      "properties": {
        "id": "VQZBmeuwgTuwX2suFrYb",
        "is_open": 2,
        "countries": "VNM-KHM",
        "location": {
          "_latitude": 11.6678998,
          "_longitude": 105.9812093
        },
        "name": "Xa Mat/Trapeang Plong",
        "geohash": "w6567sj4",
        "updatedat": {
          "_seconds": 1769107909,
          "_nanoseconds": 601000000
        }
      }
    },
    {
      "type": "Feature",
      "geometry": {
        "type": "Point",
        "coordinates": [
          69.338667,
          55.393328
        ]
      },
      "properties": {
        "id": "VeKhuAJDNHIdK18KjDDs",
        "is_open": 2,
        "name": "Kazanskoe / Kyzyl Zhar",
        "location": {
          "_latitude": 55.393328,
          "_longitude": 69.338667
        },
        "countries": "RUS-KAZ",
        "createdat": {
          "_seconds": 1764172689,
          "_nanoseconds": 143000000
        },
        "geohash": "v9c71u4c",
        "updatedat": {
          "_seconds": 1769107909,
          "_nanoseconds": 618000000
        }
      }
    },
    {
      "type": "Feature",
      "geometry": {
        "type": "Point",
        "coordinates": [
          69.2162849,
          40.5462428
        ]
      },
      "properties": {
        "id": "VgdHoNcZqgX1Zywg2R2u",
        "is_open": 2,
        "countries": "TJK-UZB",
        "location": {
          "_latitude": 40.5462428,
          "_longitude": 69.2162849
        },
        "name": "Oybek / Fotehobod",
        "geohash": "tx1nxj1y",
        "updatedat": {
          "_seconds": 1769107909,
          "_nanoseconds": 637000000
        }
      }
    },
    {
      "type": "Feature",
      "geometry": {
        "type": "Point",
        "coordinates": [
          -16.4151308,
          16.2136813
        ]
      },
      "properties": {
        "id": "VtKRctYlIxloOh1g36kD",
        "is_open": 2,
        "name": "Diama",
        "countries": "MRT-SEN",
        "location": {
          "_latitude": 16.2136813,
          "_longitude": -16.4151308
        },
        "comment": "The road is difficult during the rains, avoid.\nThere's a toll to cross the bridge: 4000 CFA (motorbike), 10000CFA (car) or 20000 (truck).\nEntering Senegal:\nPasse-avant is valid for 48h, sometimes 5 days (5000-6000 CFA); do not pay more !\nWith a CdP, you have to get it stamped in Dakar within 48 hours.\nCarte brune insurance available here. It's cheaper in St-Louis, but you risk being pulled over and fined while driving there.\nEntering Mauritania (everything to be paid in cash) :\n100 MRU community tax\n200 MRU/pp for the national park\n55€ for the eVisa\nInsurance available at the border.",
        "comment_translations": {
          "en": "The road is difficult during the rains, avoid.\nThere's a toll to cross the bridge: 4000 CFA (motorbike), 10000CFA (car) or 20000 (truck).\nEntering Senegal:\nPasse-avant is valid for 48h, sometimes 5 days (5000-6000 CFA); do not pay more !\nWith a CdP, you have to get it stamped in Dakar within 48 hours.\nCarte brune insurance available here. It's cheaper in St-Louis, but you risk being pulled over and fined while driving there.\nEntering Mauritania (everything to be paid in cash) :\n100 MRU community tax\n200 MRU/pp for the national park\n55€ for the eVisa\nInsurance available at the border.",
          "fr": "La route est difficile pendant la saison des pluies, à éviter.\n\nLe passage du pont est payant : 4 000 CFA (moto), 10 000 CFA (voiture) ou 20 000 CFA (camion).\n\nEntrée au Sénégal :\n\nLe laissez-passer est valable 48 h, parfois 5 jours (5 000 à 6 000 CFA) ; ne payez pas plus !\n\nAvec un CDP, vous devez le faire tamponner à Dakar dans les 48 heures.\n\nL’assurance « carte brune » est disponible ici. Elle est moins chère à Saint-Louis, mais vous risquez d’être contrôlé et verbalisé.\n\nEntrée en Mauritanie (tout est à payer en espèces) :\n\n100 MRU de taxe communautaire\n200 MRU/personne pour le parc national\n55 € pour le visa électronique\nAssurance disponible à la frontière.",
          "de": "Die Straße ist bei Regen schwer befahrbar, meiden Sie sie.\nFür die Brückenüberquerung wird eine Mautgebühr erhoben: 4000 CFA (Motorrad), 10000 CFA (Pkw) oder 20000 CFA (Lkw).\nEinreise nach Senegal: Der Passe-avant ist 48 Stunden, manchmal 5 Tage gültig (5000–6000 CFA); zahlen Sie nicht mehr!\nMit einem CdP (Certificate de Passeau) müssen Sie diesen innerhalb von 48 Stunden in Dakar abstempeln lassen.\nEine Kfz-Versicherung (Carte Brune) ist hier erhältlich. In St. Louis ist sie günstiger, aber dort riskieren Sie, angehalten und mit einem Bußgeld belegt zu werden.\nEinreise nach Mauretanien (alles bar zu bezahlen):\n100 MRU Gemeinschaftssteuer\n200 MRU pro Person für den Nationalpark\n55 € für das e-Visum\nVersicherung an der Grenze erhältlich.",
          "it": "La strada è difficile durante le piogge, evitatela.\nC'è un pedaggio per attraversare il ponte: 4000 CFA (moto), 10000 CFA (auto) o 20000 (camion).\nIngresso in Senegal:\nIl Passe-avant è valido per 48 ore, a volte 5 giorni (5000-6000 CFA); non pagate di più!\nCon un Passe-avant, dovete farlo timbrare a Dakar entro 48 ore.\nL'assicurazione Carte Brune è disponibile qui. È più economica a St. Louis, ma rischiate di essere fermati e multati mentre guidate lì.\nIngresso in Mauritania (tutto da pagare in contanti):\n100 MRU di tassa comunitaria\n200 MRU/persona per il parco nazionale\n55 € per il visto elettronico\nAssicurazione disponibile alla frontiera.",
          "es": "El camino es difícil cuando llueve, así que evítelo.\nHay un peaje para cruzar el puente: 4000 CFA (moto), 10000 CFA (coche) o 20000 CFA (camión).\nEntrada a Senegal:\nEl pase de avante es válido por 48 horas, a veces por 5 días (5000-6000 CFA); ¡no pague más!\nCon un CdP, debe sellarlo en Dakar en un plazo de 48 horas.\nHay seguro de tarjeta brune disponible aquí. Es más barato en Saint-Louis, pero corre el riesgo de ser detenido y multado conduciendo allí.\nEntrada a Mauritania (todo a pagar en efectivo):\n100 MRU de impuesto comunitario\n200 MRU/persona para el parque nacional\n55 € para la visa electrónica\nSeguro disponible en la frontera.",
          "pt": "A estrada fica difícil durante as chuvas, evite.\nHá um pedágio para atravessar a ponte: 4000 CFA (motocicleta), 10000 CFA (carro) ou 20000 CFA (caminhão).\nEntrando no Senegal:\nO Passe-avant é válido por 48 horas, às vezes 5 dias (5000-6000 CFA); não pague mais!\n\nCom um CDP, você precisa carimbá-lo em Dakar em até 48 horas.\nSeguro Carte Brune disponível aqui. É mais barato em St-Louis, mas você corre o risco de ser parado e multado enquanto dirige lá.\nEntrando na Mauritânia (tudo a ser pago em dinheiro):\n100 MRU de taxa comunitária\n200 MRU/pessoa para o parque nacional\n55€ para o eVisa\nSeguro disponível na fronteira.",
          "nl": "De weg is moeilijk begaanbaar tijdens regenachtig weer, vermijd deze route.\n\nEr is tol voor de brug: 4000 CFA (motor), 10000 CFA (auto) of 20000 CFA (vrachtwagen).\n\nSenegal binnenrijden:\nEen Passe-avant is 48 uur geldig, soms 5 dagen (5000-6000 CFA); betaal niet meer!\n\nMet een CdP moet je deze binnen 48 uur in Dakar laten afstempelen.\n\nEen Carte Bruné-verzekering is hier verkrijgbaar. In Saint-Louis is het goedkoper, maar je loopt het risico aangehouden te worden en een boete te krijgen.\n\nMauritanië binnenrijden (alles contant te betalen):\n100 MRU gemeentebelasting\n200 MRU per persoon voor het nationale park\n55 € voor het e-visum\nVerzekering verkrijgbaar aan de grens.",
          "pl": "Droga jest trudna w czasie deszczu, należy jej unikać.\nPrzejazd przez most jest płatny: 4000 CFA (motocykl), 10000 CFA (samochód) lub 20000 (ciężarówka).\nWjazd do Senegalu:\nPasse-avant jest ważny przez 48 godzin, czasami 5 dni (5000-6000 CFA); nie płać więcej!\nZ kartą CdP musisz uzyskać pieczątkę w Dakarze w ciągu 48 godzin.\nUbezpieczenie Carte brune dostępne tutaj. Jest tańsze w St. Louis, ale ryzykujesz zatrzymanie i mandat podczas jazdy.\nWjazd do Mauretanii (płatność gotówką):\n100 MRU podatku lokalnego\n200 MRU/os. za wstęp do parku narodowego\n55 EUR za e-wizę\nUbezpieczenie dostępne na granicy.",
          "ru": "Дорога в дождливую погоду труднопроходима, избегайте её.\nЗа проезд по мосту взимается плата: 4000 CFA (мотоцикл), 10000 CFA (легковой автомобиль) или 20000 CFA (грузовик).\nВъезд в Сенегал:\nPasse-avant действителен в течение 48 часов, иногда 5 дней (5000-6000 CFA); не платите больше!\nС CdP необходимо получить штамп в Дакаре в течение 48 часов.\nЗдесь можно оформить страховку Carte brune. В Сен-Луи она дешевле, но есть риск быть остановленным и оштрафованным за рулём.\nВъезд в Мавританию (все оплачивается наличными):\n100 MRU муниципальный налог\n200 MRU с человека за посещение национального парка\n55€ за электронную визу\nСтраховка доступна на границе."
        },
        "geohash": "eduk4rwg",
        "updatedat": {
          "_seconds": 1769107909,
          "_nanoseconds": 656000000
        }
      }
    },
    {
      "type": "Feature",
      "geometry": {
        "type": "Point",
        "coordinates": [
          119.8725653,
          51.3364379
        ]
      },
      "properties": {
        "id": "VuQmmQMRHxIzG7z2VEeP",
        "is_open": 1,
        "countries": "RUS-CHN",
        "location": {
          "_latitude": 51.3364379,
          "_longitude": 119.8725653
        },
        "name": "Olochi/Shiwei",
        "geohash": "y9jhpc88",
        "updatedat": {
          "_seconds": 1769107909,
          "_nanoseconds": 676000000
        }
      }
    },
    {
      "type": "Feature",
      "geometry": {
        "type": "Point",
        "coordinates": [
          56.0014094,
          24.8558381
        ]
      },
      "properties": {
        "id": "Vy7gksQGUa7wgT2pOpHu",
        "is_open": 2,
        "countries": "OMN-ARE",
        "location": {
          "_latitude": 24.8558381,
          "_longitude": 56.0014094
        },
        "name": "Mudayrah",
        "geohash": "thrv6kfg",
        "updatedat": {
          "_seconds": 1769107909,
          "_nanoseconds": 695000000
        }
      }
    },
    {
      "type": "Feature",
      "geometry": {
        "type": "Point",
        "coordinates": [
          107.3147594,
          12.3352202
        ]
      },
      "properties": {
        "id": "WCK2OS7Wv0S4uKLtSOBi",
        "is_open": 2,
        "name": "Bu Prang/Dak Dam",
        "countries": "VNM-KHM",
        "location": {
          "_latitude": 12.3352202,
          "_longitude": 107.3147594
        },
        "comment": "Vietnam eVisa not accepted.",
        "comment_translations": {
          "en": "Vietnam eVisa not accepted.",
          "fr": "Visa électronique vietnamien non accepté.",
          "de": "Vietnam eVisum wird nicht akzeptiert.",
          "it": "Visto elettronico per il Vietnam non accettato.",
          "es": "No se acepta la eVisa de Vietnam.",
          "pt": "O visto eletrônico para o Vietnã não é aceito.",
          "nl": "Het e-visum voor Vietnam wordt niet geaccepteerd.",
          "pl": "Wietnamska wiza elektroniczna nie jest akceptowana.",
          "ru": "Электронные визы во Вьетнам не принимаются."
        },
        "geohash": "w6hq4j81",
        "updatedat": {
          "_seconds": 1769107909,
          "_nanoseconds": 713000000
        }
      }
    },
    {
      "type": "Feature",
      "geometry": {
        "type": "Point",
        "coordinates": [
          27.595687,
          57.832371
        ]
      },
      "properties": {
        "id": "WMu80EhfVrssmJR3kCKc",
        "is_open": 2,
        "name": "Kunichina Gora / Koydula",
        "location": {
          "_latitude": 57.832371,
          "_longitude": 27.595687
        },
        "countries": "RUS-EST",
        "createdat": {
          "_seconds": 1764172634,
          "_nanoseconds": 351000000
        },
        "comment": "Russian eVisa valid.",
        "comment_translations": {
          "en": "Russian eVisa valid.",
          "fr": "Visa électronique russe valide.",
          "de": "Russisches eVisum gültig.",
          "it": "Visto elettronico russo valido.",
          "es": "eVisa rusa válida.",
          "pt": "Visto eletrônico russo válido.",
          "nl": "Het Russische e-visum is geldig.",
          "pl": "Rosyjska e-wiza ważna.",
          "ru": "Российская электронная виза действительна."
        },
        "geohash": "ud795bn9",
        "updatedat": {
          "_seconds": 1769107909,
          "_nanoseconds": 734000000
        }
      }
    },
    {
      "type": "Feature",
      "geometry": {
        "type": "Point",
        "coordinates": [
          56.142094,
          50.857938
        ]
      },
      "properties": {
        "id": "WToPoJIqXHx9rNq11RHV",
        "is_open": 2,
        "name": "Sagarchin / Zhaysan",
        "location": {
          "_latitude": 50.857938,
          "_longitude": 56.142094
        },
        "countries": "RUS-KAZ",
        "createdat": {
          "_seconds": 1764172689,
          "_nanoseconds": 27000000
        },
        "geohash": "v1pcmd3k",
        "updatedat": {
          "_seconds": 1769107909,
          "_nanoseconds": 753000000
        }
      }
    },
    {
      "type": "Feature",
      "geometry": {
        "type": "Point",
        "coordinates": [
          78.630049,
          52.532284
        ]
      },
      "properties": {
        "id": "WcrV0lTI5WbpzefAjATb",
        "is_open": 2,
        "name": "Kulunda / Sharbakty",
        "location": {
          "_latitude": 52.532284,
          "_longitude": 78.630049
        },
        "countries": "RUS-KAZ",
        "createdat": {
          "_seconds": 1764172688,
          "_nanoseconds": 106000000
        },
        "geohash": "v9rfv70w",
        "updatedat": {
          "_seconds": 1769107909,
          "_nanoseconds": 789000000
        }
      }
    },
    {
      "type": "Feature",
      "geometry": {
        "type": "Point",
        "coordinates": [
          30.203183,
          69.655681
        ]
      },
      "properties": {
        "id": "WfH77SNFzkQ0fbjAXzz4",
        "is_open": 2,
        "name": "Borisoglebsk / Sturskug",
        "location": {
          "_latitude": 69.655681,
          "_longitude": 30.203183
        },
        "countries": "RUS-NOR",
        "createdat": {
          "_seconds": 1764172014,
          "_nanoseconds": 180000000
        },
        "geohash": "usmkr23m",
        "updatedat": {
          "_seconds": 1769107909,
          "_nanoseconds": 809000000
        }
      }
    },
    {
      "type": "Feature",
      "geometry": {
        "type": "Point",
        "coordinates": [
          27.833766,
          56.87317
        ]
      },
      "properties": {
        "id": "WwPFTKz8QC6qAzLdaFYw",
        "is_open": 2,
        "location": {
          "_latitude": 56.87317,
          "_longitude": 27.833766
        },
        "countries": "RUS-LVA",
        "createdat": {
          "_seconds": 1764258327,
          "_nanoseconds": 839000000
        },
        "name": "Ubylinka / Grebneva",
        "comment_translations": {
          "en": "Mandatory reservation: https://lvrobeza.lv/en/reserve/",
          "fr": "Réservation obligatoire : https://lvrobeza.lv/en/reserve/",
          "de": "Reservierung erforderlich: https://lvrobeza.lv/en/reserve/",
          "it": "Prenotazione obbligatoria: https://lvrobeza.lv/en/reserve/",
          "es": "Reserva obligatoria: https://lvrobeza.lv/en/reserve/",
          "pt": "Reserva obrigatória: https://lvrobeza.lv/en/reserve/",
          "nl": "Reserveren is verplicht: https://lvrobeza.lv/en/reserve/",
          "pl": "Obowiązkowa rezerwacja: https://lvrobeza.lv/en/reserve/",
          "ru": "Обязательное бронирование: https://lvrobeza.lv/en/reserve/"
        },
        "comment": "Russian eVisa valid.",
        "geohash": "ud5g937y",
        "updatedat": {
          "_seconds": 1769107909,
          "_nanoseconds": 828000000
        }
      }
    },
    {
      "type": "Feature",
      "geometry": {
        "type": "Point",
        "coordinates": [
          45.6325458,
          38.9447352
        ]
      },
      "properties": {
        "id": "XLvWFTaEexJOnMuYjt2j",
        "is_open": 1,
        "countries": "AZE-IRN",
        "location": {
          "_latitude": 38.9447352,
          "_longitude": 45.6325458
        },
        "name": "Jolfa/Julfa",
        "geohash": "tnbmw3st",
        "updatedat": {
          "_seconds": 1769107909,
          "_nanoseconds": 867000000
        }
      }
    },
    {
      "type": "Feature",
      "geometry": {
        "type": "Point",
        "coordinates": [
          56.270657,
          25.6256314
        ]
      },
      "properties": {
        "id": "Y1yrxB8mrjjjv0rwmhS0",
        "is_open": 1,
        "countries": "ARE-OMN",
        "location": {
          "_latitude": 25.6256314,
          "_longitude": 56.270657
        },
        "name": "Dibba",
        "geohash": "tk81b3p0",
        "updatedat": {
          "_seconds": 1769107909,
          "_nanoseconds": 889000000
        }
      }
    },
    {
      "type": "Feature",
      "geometry": {
        "type": "Point",
        "coordinates": [
          101.3955455,
          17.6921808
        ]
      },
      "properties": {
        "id": "Y8fSPxePRvvoFdWvTKvM",
        "is_open": 2,
        "name": "Namheuang/Ban Na Kraseng",
        "countries": "THA-LAO",
        "location": {
          "_latitude": 17.6921808,
          "_longitude": 101.3955455
        },
        "comment": "Lao VOA is available but eVisa is not accepted.",
        "comment_translations": {
          "en": "Lao VOA is available but eVisa is not accepted.",
          "fr": "Le visa à l'arrivée pour le Laos est disponible, mais le visa électronique n'est pas accepté.",
          "de": "Ein laotisches Visum bei Ankunft (VOA) ist erhältlich, ein elektronisches Visum (eVisa) wird jedoch nicht akzeptiert.",
          "it": "È disponibile il visto elettronico per il Laos, ma non è accettato.",
          "es": "La VOA de Laos está disponible, pero no se acepta eVisa.",
          "pt": "O visto de chegada (VOA) para o Laos está disponível, mas o visto eletrônico (eVisa) não é aceito.",
          "nl": "Een visum bij aankomst in Laos is beschikbaar, maar een e-visum wordt niet geaccepteerd.",
          "pl": "Usługa Lao VOA jest dostępna, ale eVisa nie jest akceptowana.",
          "ru": "Визы по прибытии в Лаос принимаются, но электронные визы не принимаются."
        },
        "geohash": "w70hekcb",
        "updatedat": {
          "_seconds": 1769107909,
          "_nanoseconds": 908000000
        }
      }
    },
    {
      "type": "Feature",
      "geometry": {
        "type": "Point",
        "coordinates": [
          45.5912218,
          34.5565427
        ]
      },
      "properties": {
        "id": "YLK5aGk81d37JsoRjIiK",
        "is_open": 2,
        "countries": "IRN-IRQ",
        "location": {
          "_latitude": 34.5565427,
          "_longitude": 45.5912218
        },
        "name": "Parviz Khan",
        "geohash": "tn0kt6yd",
        "updatedat": {
          "_seconds": 1769107909,
          "_nanoseconds": 928000000
        }
      }
    },
    {
      "type": "Feature",
      "geometry": {
        "type": "Point",
        "coordinates": [
          46.795764,
          49.429484
        ]
      },
      "properties": {
        "id": "YSv6TOAkl7ZxGlfX5Qaq",
        "is_open": 1,
        "name": "Vishnevka / Zhanybek",
        "location": {
          "_latitude": 49.429484,
          "_longitude": 46.795764
        },
        "countries": "RUS-KAZ",
        "createdat": {
          "_seconds": 1764172687,
          "_nanoseconds": 580000000
        },
        "geohash": "v0c30y7e",
        "updatedat": {
          "_seconds": 1769107909,
          "_nanoseconds": 947000000
        }
      }
    },
    {
      "type": "Feature",
      "geometry": {
        "type": "Point",
        "coordinates": [
          27.471549,
          57.538718
        ]
      },
      "properties": {
        "id": "YdBGOU9ECZlC2rHuzArl",
        "is_open": 1,
        "name": "Brunishevo / Pededze",
        "location": {
          "_latitude": 57.538718,
          "_longitude": 27.471549
        },
        "countries": "RUS-LVA",
        "createdat": {
          "_seconds": 1764258327,
          "_nanoseconds": 908000000
        },
        "geohash": "ud5x34s5",
        "updatedat": {
          "_seconds": 1769107909,
          "_nanoseconds": 969000000
        }
      }
    },
    {
      "type": "Feature",
      "geometry": {
        "type": "Point",
        "coordinates": [
          20.963083,
          55.278507
        ]
      },
      "properties": {
        "id": "YdaffFx2VLbTmYoEkTrI",
        "is_open": 2,
        "name": "Morskoe / Nida",
        "location": {
          "_latitude": 55.278507,
          "_longitude": 20.963083
        },
        "countries": "LTU-RUS",
        "createdat": {
          "_seconds": 1764171461,
          "_nanoseconds": 771000000
        },
        "geohash": "u3yfmp0u",
        "updatedat": {
          "_seconds": 1769107910,
          "_nanoseconds": 1000000
        }
      }
    },
    {
      "type": "Feature",
      "geometry": {
        "type": "Point",
        "coordinates": [
          44.3205641,
          38.4969018
        ]
      },
      "properties": {
        "id": "YeFRvGOkJn4hLoY2w609",
        "is_open": 2,
        "countries": "IRN-TUR",
        "location": {
          "_latitude": 38.4969018,
          "_longitude": 44.3205641
        },
        "name": "Kapıköy-Razi",
        "geohash": "syze081h",
        "updatedat": {
          "_seconds": 1769107910,
          "_nanoseconds": 21000000
        }
      }
    },
    {
      "type": "Feature",
      "geometry": {
        "type": "Point",
        "coordinates": [
          79.437002,
          51.595588
        ]
      },
      "properties": {
        "id": "YsbVOaRKa4RNh4DHyjqI",
        "is_open": 1,
        "name": "Malinovoe Ozero / Koyanbay",
        "location": {
          "_latitude": 51.595588,
          "_longitude": 79.437002
        },
        "countries": "RUS-KAZ",
        "createdat": {
          "_seconds": 1764172687,
          "_nanoseconds": 825000000
        },
        "geohash": "vc0mx8sq",
        "updatedat": {
          "_seconds": 1769107910,
          "_nanoseconds": 41000000
        }
      }
    },
    {
      "type": "Feature",
      "geometry": {
        "type": "Point",
        "coordinates": [
          29.038847,
          66.944902
        ]
      },
      "properties": {
        "id": "Z2JotQEIfBWLhalv7xDe",
        "is_open": 0,
        "name": "Salla / Kelloselkya",
        "location": {
          "_latitude": 66.944902,
          "_longitude": 29.038847
        },
        "countries": "FIN-RUS",
        "createdat": {
          "_seconds": 1764171929,
          "_nanoseconds": 678000000
        },
        "geohash": "ueusufcq",
        "updatedat": {
          "_seconds": 1769107910,
          "_nanoseconds": 60000000
        }
      }
    },
    {
      "type": "Feature",
      "geometry": {
        "type": "Point",
        "coordinates": [
          29.994016,
          64.545064
        ]
      },
      "properties": {
        "id": "Z44wbC8lChlpjL2EFgJ3",
        "is_open": 0,
        "name": "Lyuttya / Vartius",
        "location": {
          "_latitude": 64.545064,
          "_longitude": 29.994016
        },
        "countries": "FIN-RUS",
        "createdat": {
          "_seconds": 1764171929,
          "_nanoseconds": 793000000
        },
        "geohash": "uemr4w0f",
        "updatedat": {
          "_seconds": 1769107910,
          "_nanoseconds": 100000000
        }
      }
    },
    {
      "type": "Feature",
      "geometry": {
        "type": "Point",
        "coordinates": [
          39.0071786,
          32.7396782
        ]
      },
      "properties": {
        "id": "Z4VDxc3gQRffBsswU5vt",
        "is_open": 2,
        "countries": "JOR-IRQ",
        "location": {
          "_latitude": 32.7396782,
          "_longitude": 39.0071786
        },
        "name": "Ruwaished / Turaibil",
        "comment": "You'll have to be escorted on Iraqi side, sometimes all the way between the border and Baghdad, sometimes just a few km from the border.",
        "comment_translations": {
          "en": "You'll have to be escorted on Iraqi side, sometimes all the way between the border and Baghdad, sometimes just a few km from the border.",
          "fr": "Vous devrez être escorté du côté irakien, parfois jusqu'à Bagdad, parfois à quelques kilomètres seulement de la frontière.",
          "de": "Sie müssen auf irakischer Seite eskortiert werden, manchmal die ganze Strecke zwischen der Grenze und Bagdad, manchmal nur wenige Kilometer von der Grenze entfernt.",
          "it": "Dovrai essere scortato sul lato iracheno, a volte per tutto il tragitto tra il confine e Baghdad, a volte solo per pochi chilometri dal confine.",
          "es": "Tendrás que ser escoltado en el lado iraquí, a veces durante todo el camino entre la frontera y Bagdad, a veces sólo unos pocos kilómetros de la frontera.",
          "pt": "Você precisará de escolta no lado iraquiano, às vezes por todo o trajeto entre a fronteira e Bagdá, outras vezes apenas a poucos quilômetros da fronteira.",
          "nl": "Aan de Iraakse kant moet je onder begeleiding reizen, soms helemaal tussen de grens en Bagdad, soms slechts een paar kilometer van de grens.",
          "pl": "Będziesz musiał skorzystać z eskorty po stronie irackiej, czasami aż do Bagdadu, a czasami tylko kilka kilometrów od granicy.",
          "ru": "На иракской стороне вас будут сопровождать, иногда на всем пути от границы до Багдада, а иногда всего в нескольких километрах от границы."
        },
        "geohash": "svgdr8h4",
        "updatedat": {
          "_seconds": 1769107910,
          "_nanoseconds": 119000000
        }
      }
    },
    {
      "type": "Feature",
      "geometry": {
        "type": "Point",
        "coordinates": [
          74.7036648,
          43.0251607
        ]
      },
      "properties": {
        "id": "Z5v4HB2Hji1V6ACJPyyp",
        "is_open": 2,
        "countries": "KGZ-KAZ",
        "location": {
          "_latitude": 43.0251607,
          "_longitude": 74.7036648
        },
        "name": "Korday / Ak-Zhol",
        "geohash": "txthgbmx",
        "updatedat": {
          "_seconds": 1769107910,
          "_nanoseconds": 141000000
        }
      }
    },
    {
      "type": "Feature",
      "geometry": {
        "type": "Point",
        "coordinates": [
          48.0266119,
          30.5053954
        ]
      },
      "properties": {
        "id": "ZDrxegRVcexXybgR4cvE",
        "is_open": 2,
        "countries": "IRN-IRQ",
        "location": {
          "_latitude": 30.5053954,
          "_longitude": 48.0266119
        },
        "name": "Shalamcheh",
        "geohash": "tj6jsc7f",
        "updatedat": {
          "_seconds": 1769107910,
          "_nanoseconds": 160000000
        }
      }
    },
    {
      "type": "Feature",
      "geometry": {
        "type": "Point",
        "coordinates": [
          41.8635247,
          42.5761528
        ]
      },
      "properties": {
        "id": "a3RXvjiKVQZweKoSg3oV",
        "is_open": -1,
        "comment": "It used to be possible to cross from Georgia to Abkhazia with the right Abkhazia visa, but it seems nobody has been able to cross for a long time.\nComing from Georgia, you're supposed to return to Georgia using the same crossing after your visit to Abkhazia (not continue into Russia).",
        "countries": "ABK-GEO",
        "location": {
          "_latitude": 42.5761528,
          "_longitude": 41.8635247
        },
        "name": "Inguri",
        "comment_translations": {
          "en": "It used to be possible to cross from Georgia to Abkhazia with the right Abkhazia visa, but it seems nobody has been able to cross for a long time.\nComing from Georgia, you're supposed to return to Georgia using the same crossing after your visit to Abkhazia (not continue into Russia).",
          "fr": "Auparavant, il était possible de traverser la frontière entre la Géorgie et l'Abkhazie avec un visa abkhaze valide, mais il semble que ce ne soit plus possible depuis longtemps.\n\nEn venant de Géorgie, vous devez retourner en Géorgie par le même point de passage après votre visite en Abkhazie (et non poursuivre votre voyage vers la Russie).",
          "de": "Früher war es mit dem entsprechenden Visum für Abchasien möglich, von Georgien nach Abchasien einzureisen, doch anscheinend gelingt dies seit Langem niemandem mehr. Bei der Einreise aus Georgien muss man nach dem Besuch Abchasiens denselben Grenzübergang für die Rückreise nach Georgien nutzen (und darf nicht weiter nach Russland einreisen).",
          "it": "Un tempo era possibile attraversare il confine dalla Georgia all'Abkhazia con il visto abkhazo appropriato, ma a quanto pare nessuno è più riuscito ad attraversare il confine da molto tempo.\nProvenendo dalla Georgia, si dovrebbe tornare in Georgia attraverso lo stesso valico dopo la visita in Abkhazia (non proseguire verso la Russia).",
          "es": "Antes era posible cruzar de Georgia a Abjasia con el visado correspondiente, pero parece que nadie ha podido hacerlo desde hace mucho tiempo.\nSi vienes de Georgia, debes regresar a Georgia por el mismo cruce después de tu visita a Abjasia (no continuar hacia Rusia).",
          "pt": "Antes era possível atravessar da Geórgia para a Abcásia com o visto correto para a Abcásia, mas parece que ninguém consegue fazer essa travessia há muito tempo.\nVindo da Geórgia, você deve retornar à Geórgia usando a mesma passagem de fronteira após sua visita à Abcásia (e não continuar para a Rússia).",
          "nl": "Vroeger was het mogelijk om met het juiste Abchazië-visum van Georgië naar Abchazië te reizen, maar het lijkt erop dat niemand dat al lange tijd meer lukt.\n\nAls je vanuit Georgië komt, moet je na je bezoek aan Abchazië via dezelfde grensovergang terugkeren naar Georgië (en niet doorreizen naar Rusland).",
          "pl": "Kiedyś można było przekroczyć granicę z Gruzji do Abchazji z odpowiednią wizą abchaską, ale wygląda na to, że od dawna nikomu się to nie udaje.\nJadąc z Gruzji, należy wrócić do Gruzji tym samym przejściem granicznym po wizycie w Abchazji (a nie kontynuować podróży do Rosji).",
          "ru": "Раньше можно было пересечь границу из Грузии в Абхазию при наличии соответствующей абхазской визы, но, похоже, уже давно это не удаётся.\nЕсли вы приехали из Грузии, то после посещения Абхазии вам нужно вернуться в Грузию через тот же пограничный переход (а не продолжать путь в Россию)."
        },
        "geohash": "sztf0wu0",
        "updatedat": {
          "_seconds": 1769107910,
          "_nanoseconds": 177000000
        }
      }
    },
    {
      "type": "Feature",
      "geometry": {
        "type": "Point",
        "coordinates": [
          132.6691294,
          47.9614125
        ]
      },
      "properties": {
        "id": "a5XtXZDzjKNYz0VQW1sj",
        "is_open": 2,
        "comment": "Ferry terminal.",
        "countries": "RUS-CHN",
        "location": {
          "_latitude": 47.9614125,
          "_longitude": 132.6691294
        },
        "name": "Nizhneleninskoye/Tongjiang",
        "comment_translations": {
          "en": "Ferry terminal.",
          "fr": "Terminal de ferry.",
          "de": "Fährterminal.",
          "it": "Terminal dei traghetti.",
          "es": "Terminal de ferry.",
          "pt": "Terminal de balsas.",
          "nl": "Veerterminal.",
          "pl": "Terminal promowy.",
          "ru": "Паромный терминал."
        },
        "geohash": "ybw2fgne",
        "updatedat": {
          "_seconds": 1769107910,
          "_nanoseconds": 196000000
        }
      }
    },
    {
      "type": "Feature",
      "geometry": {
        "type": "Point",
        "coordinates": [
          106.9668996,
          16.3132451
        ]
      },
      "properties": {
        "id": "a9jcsj8492Bma0p8TupG",
        "is_open": 2,
        "name": "La Lay",
        "countries": "LAO-VNM",
        "location": {
          "_latitude": 16.3132451,
          "_longitude": 106.9668996
        },
        "comment": "Lao VOA not available and eVisa not accepted.",
        "comment_translations": {
          "en": "Lao VOA not available and eVisa not accepted.",
          "fr": "Le visa à l'arrivée pour le Laos n'est pas disponible et le visa électronique n'est pas accepté.",
          "de": "Laotische Visa bei Ankunft (VOA) sind nicht verfügbar und elektronische Visa (eVisa) werden nicht akzeptiert.",
          "it": "Il visto d'ingresso per il Laos non è disponibile e il visto elettronico non è accettato.",
          "es": "Lao VOA no está disponible y eVisa no se acepta.",
          "pt": "Visto Laosiano na chegada (VOA) não disponível e visto eletrônico (eVisa) não aceito.",
          "nl": "Een visum bij aankomst in Laos is niet beschikbaar en een e-visum wordt niet geaccepteerd.",
          "pl": "Usługa VOA w Laosie jest niedostępna, a e-wiza nie jest akceptowana.",
          "ru": "Визы по прибытии в Лаос не предоставляются, электронные визы не принимаются."
        },
        "geohash": "w6uhf1dz",
        "updatedat": {
          "_seconds": 1769107910,
          "_nanoseconds": 232000000
        }
      }
    },
    {
      "type": "Feature",
      "geometry": {
        "type": "Point",
        "coordinates": [
          106.5878984,
          16.6227646
        ]
      },
      "properties": {
        "id": "aHthAd2I1kp4l5TNPvpu",
        "is_open": 2,
        "name": "Dansavan/Lao Bao",
        "location": {
          "_latitude": 16.6227646,
          "_longitude": 106.5878984
        },
        "comment": "Lao VOA is available, but eVisa is not accepted.",
        "countries": "LAO-VNM",
        "comment_translations": {
          "en": "Lao VOA is available, but eVisa is not accepted.",
          "fr": "Le visa à l'arrivée pour le Laos est disponible, mais le visa électronique n'est pas accepté.",
          "de": "Ein laotisches Visum bei Ankunft (VOA) ist erhältlich, ein elektronisches Visum (eVisa) wird jedoch nicht akzeptiert.",
          "it": "È disponibile il visto elettronico per il Laos, ma non è accettato.",
          "es": "La VOA de Laos está disponible, pero no se acepta eVisa.",
          "pt": "O visto de chegada (VOA) para o Laos está disponível, mas o visto eletrônico (eVisa) não é aceito.",
          "nl": "Een visum bij aankomst in Laos is beschikbaar, maar een e-visum wordt niet geaccepteerd.",
          "pl": "Usługa Lao VOA jest dostępna, ale eVisa nie jest akceptowana.",
          "ru": "Визы по прибытии в Лаос принимаются, но электронные визы не принимаются."
        },
        "geohash": "w6gy96nf",
        "updatedat": {
          "_seconds": 1769107910,
          "_nanoseconds": 271000000
        }
      }
    },
    {
      "type": "Feature",
      "geometry": {
        "type": "Point",
        "coordinates": [
          37.0819015,
          31.527683
        ]
      },
      "properties": {
        "id": "aKdNLxdtWyoJHfMdPbRB",
        "is_open": 2,
        "countries": "SAU-JOR",
        "location": {
          "_latitude": 31.527683,
          "_longitude": 37.0819015
        },
        "name": "Al Omari",
        "geohash": "svd77g6n",
        "updatedat": {
          "_seconds": 1769107910,
          "_nanoseconds": 314000000
        }
      }
    },
    {
      "type": "Feature",
      "geometry": {
        "type": "Point",
        "coordinates": [
          70.2292377,
          37.9388556
        ]
      },
      "properties": {
        "id": "aQK89nhdXwIXH7okVrtj",
        "is_open": 1,
        "name": "Shohon / Khwahan",
        "countries": "TJK-AFG",
        "location": {
          "_latitude": 37.9388556,
          "_longitude": 70.2292377
        },
        "geohash": "tw9zy4e3",
        "updatedat": {
          "_seconds": 1769107910,
          "_nanoseconds": 333000000
        }
      }
    },
    {
      "type": "Feature",
      "geometry": {
        "type": "Point",
        "coordinates": [
          42.3484312,
          37.0891808
        ]
      },
      "properties": {
        "id": "aoYnPJMPXnZ1wjBLL4kS",
        "is_open": 0,
        "name": "Fishkhabour / Semalka",
        "countries": "SYR-IRQ",
        "location": {
          "_latitude": 37.0891808,
          "_longitude": 42.3484312
        },
        "comment": "Border between Syria and Kurdistan.",
        "comment_translations": {
          "en": "Border between Syria and Kurdistan.",
          "fr": "Frontière entre la Syrie et le Kurdistan.",
          "de": "Grenze zwischen Syrien und Kurdistan.",
          "it": "Confine tra Siria e Kurdistan.",
          "es": "Frontera entre Siria y Kurdistán.",
          "pt": "Fronteira entre a Síria e o Curdistão.",
          "nl": "Grens tussen Syrië en Koerdistan.",
          "pl": "Granica między Syrią i Kurdystanem.",
          "ru": "Граница между Сирией и Курдистаном."
        },
        "geohash": "syw4gxvh",
        "updatedat": {
          "_seconds": 1769107910,
          "_nanoseconds": 351000000
        }
      }
    },
    {
      "type": "Feature",
      "geometry": {
        "type": "Point",
        "coordinates": [
          79.1812994,
          42.8009527
        ]
      },
      "properties": {
        "id": "aseezburxfT2N37eIeAj",
        "is_open": 2,
        "location": {
          "_latitude": 42.8009527,
          "_longitude": 79.1812994
        },
        "countries": "KGZ-KAZ",
        "name": "Karkara",
        "geohash": "tz873zdj",
        "updatedat": {
          "_seconds": 1769107910,
          "_nanoseconds": 369000000
        }
      }
    },
    {
      "type": "Feature",
      "geometry": {
        "type": "Point",
        "coordinates": [
          36.0740579,
          29.1709518
        ]
      },
      "properties": {
        "id": "bgU2I3wojpRwBUYHKSMT",
        "is_open": 2,
        "countries": "SAU-JOR",
        "location": {
          "_latitude": 29.1709518,
          "_longitude": 36.0740579
        },
        "name": "Al Mudawara",
        "geohash": "sv1tuykm",
        "updatedat": {
          "_seconds": 1769107910,
          "_nanoseconds": 389000000
        }
      }
    },
    {
      "type": "Feature",
      "geometry": {
        "type": "Point",
        "coordinates": [
          48.3896077,
          28.5430629
        ]
      },
      "properties": {
        "id": "bmLO9s6jPx7hHvJA3cJr",
        "is_open": 2,
        "countries": "KWT-SAU",
        "location": {
          "_latitude": 28.5430629,
          "_longitude": 48.3896077
        },
        "name": "Nuwaiseeb/Khafji",
        "geohash": "tj46mhh5",
        "updatedat": {
          "_seconds": 1769107910,
          "_nanoseconds": 405000000
        }
      }
    },
    {
      "type": "Feature",
      "geometry": {
        "type": "Point",
        "coordinates": [
          111.9361926,
          43.6949726
        ]
      },
      "properties": {
        "id": "bs5YsTfR9JlrsaAHq62n",
        "is_open": 2,
        "countries": "MNG-CHN",
        "location": {
          "_latitude": 43.6949726,
          "_longitude": 111.9361926
        },
        "name": "Zamiin-Uud/Erenhot",
        "geohash": "wrz8e4mm",
        "updatedat": {
          "_seconds": 1769107910,
          "_nanoseconds": 423000000
        }
      }
    },
    {
      "type": "Feature",
      "geometry": {
        "type": "Point",
        "coordinates": [
          81.6004603,
          28.0189568
        ]
      },
      "properties": {
        "id": "c12BRUHpPLLdcHmvD7mz",
        "is_open": 2,
        "countries": "IND-NPL",
        "location": {
          "_latitude": 28.0189568,
          "_longitude": 81.6004603
        },
        "comment": "On this border post, the Indian eVisa is accepted, even for the first entry.",
        "name": "Napalganj / Rupaidiha",
        "comment_translations": {
          "en": "On this border post, the Indian eVisa is accepted, even for the first entry.",
          "fr": "À ce poste frontière, le visa électronique indien est accepté, même pour une première entrée.",
          "de": "An diesem Grenzübergang wird das indische e-Visum auch bei der ersten Einreise akzeptiert.",
          "it": "In questo posto di frontiera viene accettato il visto elettronico indiano, anche per il primo ingresso.",
          "es": "En este puesto fronterizo se acepta la eVisa india, incluso para la primera entrada.",
          "pt": "Neste posto fronteiriço, o visto eletrônico indiano é aceito, inclusive para a primeira entrada.",
          "nl": "Bij deze grenspost wordt het Indiase e-visum geaccepteerd, zelfs bij de eerste binnenkomst.",
          "pl": "Na tym przejściu granicznym akceptowane są indyjskie wizy elektroniczne, nawet przy pierwszym wjeździe.",
          "ru": "На этом пограничном пункте принимается индийская электронная виза, даже для первого въезда."
        },
        "geohash": "tufp2uew",
        "updatedat": {
          "_seconds": 1769107910,
          "_nanoseconds": 463000000
        }
      }
    },
    {
      "type": "Feature",
      "geometry": {
        "type": "Point",
        "coordinates": [
          111.8785335,
          1.028699
        ]
      },
      "properties": {
        "id": "c7nG4cZWiYrmOobFQrAP",
        "is_open": 2,
        "name": " Lubok Antu/Nanga Badau",
        "countries": "IDN-MYS",
        "location": {
          "_latitude": 1.028699,
          "_longitude": 111.8785335
        },
        "comment": "Indonesian eVisa not accepted.",
        "comment_translations": {
          "en": "Indonesian eVisa not accepted.",
          "fr": "Le visa électronique indonésien n'est pas accepté.",
          "de": "Indonesisches eVisum wird nicht akzeptiert.",
          "it": "Visto elettronico indonesiano non accettato.",
          "es": "No se acepta la eVisa de Indonesia.",
          "pt": "Visto eletrônico indonésio não aceito.",
          "nl": "Het Indonesische e-visum wordt niet geaccepteerd.",
          "pl": "Indonezyjska e-wiza nie jest akceptowana.",
          "ru": "Электронные визы Индонезии не принимаются."
        },
        "geohash": "w2ptcg72",
        "updatedat": {
          "_seconds": 1769107910,
          "_nanoseconds": 504000000
        }
      }
    },
    {
      "type": "Feature",
      "geometry": {
        "type": "Point",
        "coordinates": [
          44.622154,
          37.7174784
        ]
      },
      "properties": {
        "id": "c929zr2Gf4hv0hemkMom",
        "is_open": 2,
        "countries": "IRN-TUR",
        "location": {
          "_latitude": 37.7174784,
          "_longitude": 44.622154
        },
        "name": "Serow-Esender",
        "geohash": "syxwx6kb",
        "updatedat": {
          "_seconds": 1769107910,
          "_nanoseconds": 522000000
        }
      }
    },
    {
      "type": "Feature",
      "geometry": {
        "type": "Point",
        "coordinates": [
          40.9769976,
          34.3977199
        ]
      },
      "properties": {
        "id": "cIllekrAJJM0oY1qK01j",
        "is_open": 2,
        "countries": "SYR-IRQ",
        "location": {
          "_latitude": 34.3977199,
          "_longitude": 40.9769976
        },
        "name": "Al Qa’im / Abu Kamal",
        "geohash": "syj5smyt",
        "updatedat": {
          "_seconds": 1769107910,
          "_nanoseconds": 543000000
        }
      }
    },
    {
      "type": "Feature",
      "geometry": {
        "type": "Point",
        "coordinates": [
          42.8185854,
          41.5882762
        ]
      },
      "properties": {
        "id": "cR8yZX9eqcDH0IaYaUHk",
        "is_open": 2,
        "name": "Posof / Vale",
        "countries": "GEO-TUR",
        "location": {
          "_latitude": 41.5882762,
          "_longitude": 42.8185854
        },
        "geohash": "szqkw6gt",
        "updatedat": {
          "_seconds": 1769107910,
          "_nanoseconds": 562000000
        }
      }
    },
    {
      "type": "Feature",
      "geometry": {
        "type": "Point",
        "coordinates": [
          127.5334528,
          50.2481192
        ]
      },
      "properties": {
        "id": "cpe4ryiDgakeyw9jozax",
        "is_open": 2,
        "comment": "Ferry terminal",
        "countries": "RUS-CHN",
        "location": {
          "_latitude": 50.2481192,
          "_longitude": 127.5334528
        },
        "name": "Blagoveschensk/Heihe",
        "comment_translations": {
          "en": "Ferry terminal",
          "fr": "Terminal de ferry",
          "de": "Fährterminal",
          "it": "Terminal dei traghetti",
          "es": "Terminal de ferry",
          "pt": "Terminal de balsas",
          "nl": "Veerterminal",
          "pl": "Terminal promowy",
          "ru": "Паромный терминал"
        },
        "geohash": "ybfty57h",
        "updatedat": {
          "_seconds": 1769107910,
          "_nanoseconds": 581000000
        }
      }
    },
    {
      "type": "Feature",
      "geometry": {
        "type": "Point",
        "coordinates": [
          71.7209223,
          39.413881
        ]
      },
      "properties": {
        "id": "cqs9sIv2aQHAmrX2GiIP",
        "is_open": 1,
        "countries": "TJK-KGZ",
        "location": {
          "_latitude": 39.413881,
          "_longitude": 71.7209223
        },
        "name": "Karamyk / Jirgital",
        "geohash": "tx500p1d",
        "updatedat": {
          "_seconds": 1769107910,
          "_nanoseconds": 599000000
        }
      }
    },
    {
      "type": "Feature",
      "geometry": {
        "type": "Point",
        "coordinates": [
          104.4918251,
          20.7244799
        ]
      },
      "properties": {
        "id": "cySROnciTDufxiTuJMkv",
        "is_open": 2,
        "name": "Pahang/Long Sap",
        "countries": "LAO-NVM",
        "location": {
          "_latitude": 20.7244799,
          "_longitude": 104.4918251
        },
        "comment": "Lao VOA not available and eVisa not accepted.\nVietnam eVisa not accepted.",
        "comment_translations": {
          "en": "Lao VOA not available and eVisa not accepted.\nVietnam eVisa not accepted.",
          "fr": "Le visa à l'arrivée pour le Laos n'est pas disponible et le visa électronique n'est pas accepté.\n\nLe visa électronique pour le Vietnam n'est pas accepté.",
          "de": "Laotische Visa bei Ankunft (VOA) und elektronische Visa (eVisa) werden nicht akzeptiert. Vietnamesische eVisa werden nicht akzeptiert.",
          "it": "Il visto elettronico per il Laos non è disponibile e il visto elettronico non è accettato.\nIl visto elettronico per il Vietnam non è accettato.",
          "es": "La VOA de Laos no está disponible y no se acepta la visa electrónica. No se acepta la visa electrónica de Vietnam.",
          "pt": "Visto de chegada (VOA) para o Laos não disponível e visto eletrônico (eVisa) não aceito.\nVisto eletrônico para o Vietnã não aceito.",
          "nl": "Laotiaans visum bij aankomst niet beschikbaar en e-visum niet geaccepteerd.\n\nVietnamees e-visum niet geaccepteerd.",
          "pl": "Laotańska VOA niedostępna, a e-wizy nie są akceptowane.\nWietnamska e-wiza nie jest akceptowana.",
          "ru": "Лаосская виза по прибытии недоступна, электронная виза не принимается.\nВьетнамская электронная виза не принимается."
        },
        "geohash": "w7dmcub8",
        "updatedat": {
          "_seconds": 1769107910,
          "_nanoseconds": 640000000
        }
      }
    },
    {
      "type": "Feature",
      "geometry": {
        "type": "Point",
        "coordinates": [
          73.9254246,
          39.6956473
        ]
      },
      "properties": {
        "id": "czBwGyqwbHfETo5LOdFY",
        "is_open": 2,
        "name": "Irkeshtam",
        "countries": "KGZ-CHN",
        "location": {
          "_latitude": 39.6956473,
          "_longitude": 73.9254246
        },
        "geohash": "txh9f4qg",
        "updatedat": {
          "_seconds": 1769107910,
          "_nanoseconds": 659000000
        }
      }
    },
    {
      "type": "Feature",
      "geometry": {
        "type": "Point",
        "coordinates": [
          69.6702943,
          40.1222811
        ]
      },
      "properties": {
        "id": "d1lkUFLCWBFSBtDIL5EY",
        "is_open": 2,
        "name": "Kulundu – Ovchi Kalacha",
        "countries": "TJK-KGZ",
        "location": {
          "_latitude": 40.1222811,
          "_longitude": 69.6702943
        },
        "geohash": "tx1s32h3",
        "updatedat": {
          "_seconds": 1769107910,
          "_nanoseconds": 679000000
        }
      }
    },
    {
      "type": "Feature",
      "geometry": {
        "type": "Point",
        "coordinates": [
          73.3268693,
          39.3733558
        ]
      },
      "properties": {
        "id": "d6xbCQkwfdjq9kcxAGs8",
        "is_open": 2,
        "countries": "TJK-KGZ",
        "location": {
          "_latitude": 39.3733558,
          "_longitude": 73.3268693
        },
        "name": "Kyzyl-Art / Bor Dobo",
        "geohash": "twupuxdy",
        "updatedat": {
          "_seconds": 1769107910,
          "_nanoseconds": 696000000
        }
      }
    },
    {
      "type": "Feature",
      "geometry": {
        "type": "Point",
        "coordinates": [
          107.4983219,
          13.7681326
        ]
      },
      "properties": {
        "id": "d7KWlaQ2w9BAV1gbaA56",
        "is_open": 2,
        "countries": "VNM-KHM",
        "location": {
          "_latitude": 13.7681326,
          "_longitude": 107.4983219
        },
        "name": "Le Thanh",
        "comment": "Vietnam eVisa not accepted.",
        "comment_translations": {
          "en": "Vietnam eVisa not accepted.",
          "fr": "Visa électronique vietnamien non accepté.",
          "de": "Vietnam eVisum wird nicht akzeptiert.",
          "it": "Visto elettronico per il Vietnam non accettato.",
          "es": "No se acepta la eVisa de Vietnam.",
          "pt": "O visto eletrônico para o Vietnã não é aceito.",
          "nl": "Het e-visum voor Vietnam wordt niet geaccepteerd.",
          "pl": "Wietnamska wiza elektroniczna nie jest akceptowana.",
          "ru": "Электронные визы во Вьетнам не принимаются."
        },
        "geohash": "w6kqq4mv",
        "updatedat": {
          "_seconds": 1769107910,
          "_nanoseconds": 714000000
        }
      }
    },
    {
      "type": "Feature",
      "geometry": {
        "type": "Point",
        "coordinates": [
          131.0727982,
          47.6904053
        ]
      },
      "properties": {
        "id": "dRIneQLPGq90jSTmBpNo",
        "is_open": 2,
        "comment": "Ferry terminal.",
        "location": {
          "_latitude": 47.6904053,
          "_longitude": 131.0727982
        },
        "name": "Amurzet/Lobei",
        "comment_translations": {
          "en": "Ferry terminal.",
          "fr": "Terminal de ferry.",
          "de": "Fährterminal.",
          "it": "Terminal dei traghetti.",
          "es": "Terminal de ferry.",
          "pt": "Terminal de balsas.",
          "nl": "Veerterminal.",
          "pl": "Terminal promowy.",
          "ru": "Паромный терминал."
        },
        "geohash": "ybmpq9u2",
        "updatedat": {
          "_seconds": 1769107910,
          "_nanoseconds": 733000000
        }
      }
    },
    {
      "type": "Feature",
      "geometry": {
        "type": "Point",
        "coordinates": [
          78.7338942,
          31.8319529
        ]
      },
      "properties": {
        "id": "dTWtmsCFrWcKf5gmUjhu",
        "is_open": 0,
        "comment": "Only open for bilateral trade, no tourists allowed.",
        "countries": "IND-CHN",
        "location": {
          "_latitude": 31.8319529,
          "_longitude": 78.7338942
        },
        "name": "Shipki La",
        "comment_translations": {
          "en": "Only open for bilateral trade, no tourists allowed.",
          "fr": "Ouvert uniquement aux échanges bilatéraux, les touristes ne sont pas admis.",
          "de": "Nur für den bilateralen Handel geöffnet, Touristen sind nicht zugelassen.",
          "it": "Aperto solo per scambi bilaterali, non sono ammessi turisti.",
          "es": "Abierto únicamente para comercio bilateral, no se permiten turistas.",
          "pt": "Aberto apenas para comércio bilateral, turistas não são permitidos.",
          "nl": "Alleen open voor bilaterale handel, geen toeristen toegestaan.",
          "pl": "Otwarte tylko na handel dwustronny, wstęp wzbroniony turystom.",
          "ru": "Открыто только для двусторонней торговли, туристам вход воспрещен."
        },
        "geohash": "ttxvpdu6",
        "updatedat": {
          "_seconds": 1769107910,
          "_nanoseconds": 752000000
        }
      }
    },
    {
      "type": "Feature",
      "geometry": {
        "type": "Point",
        "coordinates": [
          47.0163814,
          16.9508963
        ]
      },
      "properties": {
        "id": "dWgQe0fkBfJih4XqJLpK",
        "is_open": 1,
        "countries": "SAU-YEM",
        "location": {
          "_latitude": 16.9508963,
          "_longitude": 47.0163814
        },
        "name": "Al Wadiah",
        "geohash": "t512mvu6",
        "updatedat": {
          "_seconds": 1769107910,
          "_nanoseconds": 771000000
        }
      }
    },
    {
      "type": "Feature",
      "geometry": {
        "type": "Point",
        "coordinates": [
          68.242499,
          55.090975
        ]
      },
      "properties": {
        "id": "depu9e9bz68v2nMZebmC",
        "is_open": 2,
        "name": "Petukhovo / Zhana Zhol",
        "location": {
          "_latitude": 55.090975,
          "_longitude": 68.242499
        },
        "countries": "RUS-KAZ",
        "createdat": {
          "_seconds": 1764172689,
          "_nanoseconds": 339000000
        },
        "geohash": "v9b92vh8",
        "updatedat": {
          "_seconds": 1769107910,
          "_nanoseconds": 790000000
        }
      }
    },
    {
      "type": "Feature",
      "geometry": {
        "type": "Point",
        "coordinates": [
          55.9554305,
          24.215886
        ]
      },
      "properties": {
        "id": "eKGm2iBWLef5tCYrAHW6",
        "is_open": 2,
        "countries": "OMN-ARE",
        "location": {
          "_latitude": 24.215886,
          "_longitude": 55.9554305
        },
        "name": "Khatm Al Shikla",
        "geohash": "thrcc23e",
        "updatedat": {
          "_seconds": 1769107910,
          "_nanoseconds": 807000000
        }
      }
    },
    {
      "type": "Feature",
      "geometry": {
        "type": "Point",
        "coordinates": [
          61.1649514,
          36.5199427
        ]
      },
      "properties": {
        "id": "eLrIN8NuUoDdBFv0wPw9",
        "is_open": 2,
        "name": "Sarakhs / Sarahs",
        "countries": "IRN-TKM",
        "location": {
          "_latitude": 36.5199427,
          "_longitude": 61.1649514
        },
        "geohash": "tq7rzb6b",
        "updatedat": {
          "_seconds": 1769107910,
          "_nanoseconds": 847000000
        }
      }
    },
    {
      "type": "Feature",
      "geometry": {
        "type": "Point",
        "coordinates": [
          41.5483829,
          41.5209873
        ]
      },
      "properties": {
        "id": "eX0ZLhg8fTwsWQZJdVLX",
        "is_open": 2,
        "name": "Sarp / Sarpi",
        "countries": "GEO-TUR",
        "location": {
          "_latitude": 41.5209873,
          "_longitude": 41.5483829
        },
        "geohash": "szms1qwt",
        "updatedat": {
          "_seconds": 1769107910,
          "_nanoseconds": 867000000
        }
      }
    },
    {
      "type": "Feature",
      "geometry": {
        "type": "Point",
        "coordinates": [
          67.3994957,
          39.5181679
        ]
      },
      "properties": {
        "id": "edM84IDrTyXbtxSpvKwK",
        "is_open": 2,
        "countries": "TJK-UZB",
        "location": {
          "_latitude": 39.5181679,
          "_longitude": 67.3994957
        },
        "name": "Jartepa / Sarazm",
        "geohash": "trpbvdnf",
        "updatedat": {
          "_seconds": 1769107910,
          "_nanoseconds": 885000000
        }
      }
    },
    {
      "type": "Feature",
      "geometry": {
        "type": "Point",
        "coordinates": [
          42.9729442,
          16.5098977
        ]
      },
      "properties": {
        "id": "ejp4VhvtruXjXiGnWCu4",
        "is_open": 0,
        "countries": "SAU-YEM",
        "location": {
          "_latitude": 16.5098977,
          "_longitude": 42.9729442
        },
        "name": "At Tuwal",
        "geohash": "sfytcvec",
        "updatedat": {
          "_seconds": 1769107910,
          "_nanoseconds": 904000000
        }
      }
    },
    {
      "type": "Feature",
      "geometry": {
        "type": "Point",
        "coordinates": [
          67.9306503,
          41.1500699
        ]
      },
      "properties": {
        "id": "f8WdbJv0ZOmXXVvByL9U",
        "is_open": 1,
        "countries": "UZB-KAZ",
        "location": {
          "_latitude": 41.1500699,
          "_longitude": 67.9306503
        },
        "name": "Shardara",
        "geohash": "tx261g1s",
        "updatedat": {
          "_seconds": 1769107910,
          "_nanoseconds": 922000000
        }
      }
    },
    {
      "type": "Feature",
      "geometry": {
        "type": "Point",
        "coordinates": [
          116.2359356,
          45.7535616
        ]
      },
      "properties": {
        "id": "fRipIkGn9ldV4VtP9cEr",
        "is_open": 1,
        "countries": "MNG-CHN",
        "location": {
          "_latitude": 45.7535616,
          "_longitude": 116.2359356
        },
        "name": "Bichigt/Zuun Khatavch",
        "geohash": "y84sm10m",
        "updatedat": {
          "_seconds": 1769107910,
          "_nanoseconds": 943000000
        }
      }
    },
    {
      "type": "Feature",
      "geometry": {
        "type": "Point",
        "coordinates": [
          46.3090885,
          41.7918868
        ]
      },
      "properties": {
        "id": "g4NsPLBzAVTTfxtGHiTf",
        "is_open": 3,
        "countries": "GEO-AZE",
        "location": {
          "_latitude": 41.7918868,
          "_longitude": 46.3090885
        },
        "name": "Lagodeki / Balakan",
        "geohash": "tp2vtzcp",
        "updatedat": {
          "_seconds": 1769107910,
          "_nanoseconds": 962000000
        }
      }
    },
    {
      "type": "Feature",
      "geometry": {
        "type": "Point",
        "coordinates": [
          115.2357124,
          4.7930764
        ]
      },
      "properties": {
        "id": "gL0cAkfYuF7OxCdVMeV7",
        "is_open": 2,
        "name": "Labu/Mengkalap",
        "countries": "BRN-MYS",
        "location": {
          "_latitude": 4.7930764,
          "_longitude": 115.2357124
        },
        "geohash": "w8cgq281",
        "updatedat": {
          "_seconds": 1769107910,
          "_nanoseconds": 981000000
        }
      }
    },
    {
      "type": "Feature",
      "geometry": {
        "type": "Point",
        "coordinates": [
          103.7665923,
          1.4642546
        ]
      },
      "properties": {
        "id": "gQYBElaEa5jyigHTwwwM",
        "is_open": 2,
        "name": "Johor Bahru/Woodlands",
        "countries": "IDN-SGP",
        "location": {
          "_latitude": 1.4642546,
          "_longitude": 103.7665923
        },
        "geohash": "w23b3689",
        "updatedat": {
          "_seconds": 1769107910,
          "_nanoseconds": 999000000
        }
      }
    },
    {
      "type": "Feature",
      "geometry": {
        "type": "Point",
        "coordinates": [
          68.5643067,
          40.8357383
        ]
      },
      "properties": {
        "id": "gtJhWdfhYDgbVAbcsgBX",
        "is_open": 1,
        "coutries": "KAZ-UZB",
        "location": {
          "_latitude": 40.8357383,
          "_longitude": 68.5643067
        },
        "name": "Atameken / Gulistan",
        "geohash": "tx2b21zj",
        "updatedat": {
          "_seconds": 1769107911,
          "_nanoseconds": 22000000
        }
      }
    },
    {
      "type": "Feature",
      "geometry": {
        "type": "Point",
        "coordinates": [
          90.9953677,
          46.1423775
        ]
      },
      "properties": {
        "id": "gwsdXEH0HuymXs6IuWcz",
        "is_open": 2,
        "countries": "MNG-CHN",
        "location": {
          "_latitude": 46.1423775,
          "_longitude": 90.9953677
        },
        "name": "Bulgan/Takashiken",
        "geohash": "y00wqxuy",
        "updatedat": {
          "_seconds": 1769107911,
          "_nanoseconds": 42000000
        }
      }
    },
    {
      "type": "Feature",
      "geometry": {
        "type": "Point",
        "coordinates": [
          61.8465359,
          26.095704
        ]
      },
      "properties": {
        "id": "h008gt5vzfgcumr2D42u",
        "is_open": 1,
        "countries": "IRN-PAK",
        "location": {
          "_latitude": 26.095704,
          "_longitude": 61.8465359
        },
        "name": "Mand-Pishin",
        "geohash": "tkeurqe6",
        "updatedat": {
          "_seconds": 1769107911,
          "_nanoseconds": 60000000
        }
      }
    },
    {
      "type": "Feature",
      "geometry": {
        "type": "Point",
        "coordinates": [
          101.8578645,
          18.0402368
        ]
      },
      "properties": {
        "id": "h8g4CnR1ZgosLK9cqkdE",
        "is_open": 2,
        "name": "Ban Vang/Ban Khok Phai",
        "countries": "THA-LAO",
        "location": {
          "_latitude": 18.0402368,
          "_longitude": 101.8578645
        },
        "comment": "Ferry crossing.\nLao VOA not available and eVisa not accepted.",
        "comment_translations": {
          "en": "Ferry crossing.\nLao VOA not available and eVisa not accepted.",
          "fr": "Traversée en ferry.\n\nLe visa à l'arrivée pour le Laos n'est pas disponible et le visa électronique n'est pas accepté.",
          "de": "Fährüberfahrt. Laotisches Visum bei Ankunft nicht erhältlich, elektronisches Visum wird nicht akzeptiert.",
          "it": "Traghetto.\nVOA per il Laos non disponibile e visto elettronico non accettato.",
          "es": "Cruce en ferry.\nVOA de Laos no disponible y no se acepta visa electrónica.",
          "pt": "Travessia de balsa.\nO visto laosiano na chegada (VOA) não está disponível e o visto eletrônico (eVisa) não é aceito.",
          "nl": "Veerbootovertocht.\n\nLao VAA is niet beschikbaar en e-visum wordt niet geaccepteerd.",
          "pl": "Przeprawa promowa.\nLaotańska VOA niedostępna, a e-wizy nie są akceptowane.",
          "ru": "Переправа на пароме.\nЛаосская виза по прибытии недоступна, электронная виза не принимается."
        },
        "geohash": "w70qtu4e",
        "updatedat": {
          "_seconds": 1769107911,
          "_nanoseconds": 77000000
        }
      }
    },
    {
      "type": "Feature",
      "geometry": {
        "type": "Point",
        "coordinates": [
          118.1756549,
          48.0264965
        ]
      },
      "properties": {
        "id": "hErDL8fXcYBfciEOQFD4",
        "is_open": 1,
        "countries": "MNG-CHN",
        "location": {
          "_latitude": 48.0264965,
          "_longitude": 118.1756549
        },
        "name": "Bayan/Hushuu Uvdug",
        "geohash": "y8s11nuy",
        "updatedat": {
          "_seconds": 1769107911,
          "_nanoseconds": 96000000
        }
      }
    },
    {
      "type": "Feature",
      "geometry": {
        "type": "Point",
        "coordinates": [
          61.02061,
          50.710306
        ]
      },
      "properties": {
        "id": "hHO9iVRPh3scF3rKDXzZ",
        "is_open": 2,
        "name": "Svetlyy / Karashatau",
        "location": {
          "_latitude": 50.710306,
          "_longitude": 61.02061
        },
        "countries": "RUS-KAZ",
        "createdat": {
          "_seconds": 1764172689,
          "_nanoseconds": 76000000
        },
        "geohash": "v352kx9b",
        "updatedat": {
          "_seconds": 1769107911,
          "_nanoseconds": 114000000
        }
      }
    },
    {
      "type": "Feature",
      "geometry": {
        "type": "Point",
        "coordinates": [
          133.322976,
          45.5485647
        ]
      },
      "properties": {
        "id": "hWv5UtS4abPUEDyIsXt8",
        "is_open": 1,
        "countries": "RUS-CHN",
        "location": {
          "_latitude": 45.5485647,
          "_longitude": 133.322976
        },
        "name": "Lesozavodsk",
        "geohash": "ybng1gfg",
        "updatedat": {
          "_seconds": 1769107911,
          "_nanoseconds": 132000000
        }
      }
    },
    {
      "type": "Feature",
      "geometry": {
        "type": "Point",
        "coordinates": [
          109.9675976,
          1.3177484
        ]
      },
      "properties": {
        "id": "hWyPmzlxbftJrpLfVgtP",
        "is_open": 2,
        "name": "Serikin/Jagoi Babang",
        "countries": "IDN-MYS",
        "location": {
          "_latitude": 1.3177484,
          "_longitude": 109.9675976
        },
        "comment": "Indonesian eVisa not accepted.",
        "comment_translations": {
          "en": "Indonesian eVisa not accepted.",
          "fr": "Le visa électronique indonésien n'est pas accepté.",
          "de": "Indonesisches eVisum wird nicht akzeptiert.",
          "it": "Visto elettronico indonesiano non accettato.",
          "es": "No se acepta la eVisa de Indonesia.",
          "pt": "Visto eletrônico indonésio não aceito.",
          "nl": "Het Indonesische e-visum wordt niet geaccepteerd.",
          "pl": "Indonezyjska e-wiza nie jest akceptowana.",
          "ru": "Электронные визы Индонезии не принимаются."
        },
        "geohash": "w2npqrgu",
        "updatedat": {
          "_seconds": 1769107911,
          "_nanoseconds": 170000000
        }
      }
    },
    {
      "type": "Feature",
      "geometry": {
        "type": "Point",
        "coordinates": [
          28.477149,
          68.477378
        ]
      },
      "properties": {
        "id": "hpZKyhjo1l8FLSpdhNG6",
        "is_open": 0,
        "name": "Lotta / Rayya-Yooseppi",
        "location": {
          "_latitude": 68.477378,
          "_longitude": 28.477149
        },
        "countries": "FIN-RUS",
        "createdat": {
          "_seconds": 1764171929,
          "_nanoseconds": 554000000
        },
        "geohash": "ushm81bm",
        "updatedat": {
          "_seconds": 1769107911,
          "_nanoseconds": 190000000
        }
      }
    },
    {
      "type": "Feature",
      "geometry": {
        "type": "Point",
        "coordinates": [
          48.4164344,
          41.6369239
        ]
      },
      "properties": {
        "id": "hqAzjmdGkN3NYNVjTarr",
        "is_open": 3,
        "countries": "AZE-RUS",
        "location": {
          "_latitude": 41.6369239,
          "_longitude": 48.4164344
        },
        "name": "Samur / Yarag-Kazmalyar",
        "geohash": "tp6kvezb",
        "updatedat": {
          "_seconds": 1769107911,
          "_nanoseconds": 209000000
        }
      }
    },
    {
      "type": "Feature",
      "geometry": {
        "type": "Point",
        "coordinates": [
          69.2087231,
          41.4538484
        ]
      },
      "properties": {
        "id": "hvZTqNK9GlPH3To3mvUJ",
        "is_open": 2,
        "name": "Kaplanbek / Navoiy",
        "countries": "KAZ-UZB",
        "location": {
          "_latitude": 41.4538484,
          "_longitude": 69.2087231
        },
        "geohash": "tx35yfkq",
        "updatedat": {
          "_seconds": 1769107911,
          "_nanoseconds": 230000000
        }
      }
    },
    {
      "type": "Feature",
      "geometry": {
        "type": "Point",
        "coordinates": [
          115.7448754,
          49.8874951
        ]
      },
      "properties": {
        "id": "hx4eciHvwebSydFJ4BYj",
        "is_open": 2,
        "countries": "RUS-MNG",
        "location": {
          "_latitude": 49.8874951,
          "_longitude": 115.7448754
        },
        "name": "Yereentsav/Solovyovsk",
        "geohash": "y8f7ccdz",
        "updatedat": {
          "_seconds": 1769107911,
          "_nanoseconds": 270000000
        }
      }
    },
    {
      "type": "Feature",
      "geometry": {
        "type": "Point",
        "coordinates": [
          102.445235,
          13.086883
        ]
      },
      "properties": {
        "id": "i38dLuXvET4r6hoHIwf4",
        "is_open": 0,
        "name": "Ban Laem/Daung",
        "countries": "THA-KHM",
        "location": {
          "_latitude": 13.086883,
          "_longitude": 102.445235
        },
        "geohash": "w62f7nqk",
        "updatedat": {
          "_seconds": 1769107911,
          "_nanoseconds": 290000000
        }
      }
    },
    {
      "type": "Feature",
      "geometry": {
        "type": "Point",
        "coordinates": [
          104.9269809,
          10.6027341
        ]
      },
      "properties": {
        "id": "i4ZZYTHtXABJdE60hgPx",
        "is_open": 2,
        "name": "Phnom Den/Tinh Bien",
        "countries": "VNM-KHM",
        "location": {
          "_latitude": 10.6027341,
          "_longitude": 104.9269809
        },
        "geohash": "w3fs7djm",
        "updatedat": {
          "_seconds": 1769107911,
          "_nanoseconds": 309000000
        }
      }
    },
    {
      "type": "Feature",
      "geometry": {
        "type": "Point",
        "coordinates": [
          74.8639649,
          42.9953162
        ]
      },
      "properties": {
        "id": "i99u5Tk8JBF8oiSSSRdj",
        "is_open": 1,
        "name": "Ak-Tilek / Karasu",
        "countries": "KGZ-KAZ",
        "location": {
          "_latitude": 42.9953162,
          "_longitude": 74.8639649
        },
        "geohash": "txthxe43",
        "updatedat": {
          "_seconds": 1769107911,
          "_nanoseconds": 328000000
        }
      }
    },
    {
      "type": "Feature",
      "geometry": {
        "type": "Point",
        "coordinates": [
          61.001741,
          52.319569
        ]
      },
      "properties": {
        "id": "iBDVloBRgzdxG43CkuDa",
        "is_open": 1,
        "name": "Mariinskiy / Zhelkuar",
        "location": {
          "_latitude": 52.319569,
          "_longitude": 61.001741
        },
        "countries": "RUS-KAZ",
        "createdat": {
          "_seconds": 1764172689,
          "_nanoseconds": 470000000
        },
        "geohash": "v373shkp",
        "updatedat": {
          "_seconds": 1769107911,
          "_nanoseconds": 347000000
        }
      }
    },
    {
      "type": "Feature",
      "geometry": {
        "type": "Point",
        "coordinates": [
          91.2534307,
          23.4593701
        ]
      },
      "properties": {
        "id": "iNhVzzFbEr8pXwrRnhd6",
        "is_open": 2,
        "name": "Srimantapur/Bibirbazar",
        "countries": "IND-BGD",
        "location": {
          "_latitude": 23.4593701,
          "_longitude": 91.2534307
        },
        "geohash": "wh0vkw8s",
        "updatedat": {
          "_seconds": 1769107911,
          "_nanoseconds": 367000000
        }
      }
    },
    {
      "type": "Feature",
      "geometry": {
        "type": "Point",
        "coordinates": [
          36.0424049,
          32.5793322
        ]
      },
      "properties": {
        "id": "ilVNTpnUzfy3bzTAry5b",
        "is_open": 0,
        "countries": "JOR-SYR",
        "location": {
          "_latitude": 32.5793322,
          "_longitude": 36.0424049
        },
        "name": "Ramtha",
        "geohash": "svc9k4vk",
        "updatedat": {
          "_seconds": 1769107911,
          "_nanoseconds": 386000000
        }
      }
    },
    {
      "type": "Feature",
      "geometry": {
        "type": "Point",
        "coordinates": [
          20.659173,
          54.372517
        ]
      },
      "properties": {
        "id": "j5B6OeN9BXJe1OtvDl1G",
        "is_open": 2,
        "name": "Bagrationovsk / Bezledy",
        "location": {
          "_latitude": 54.372517,
          "_longitude": 20.659173
        },
        "countries": "RUS-POL",
        "createdat": {
          "_seconds": 1764172512,
          "_nanoseconds": 543000000
        },
        "geohash": "u3wtq45w",
        "updatedat": {
          "_seconds": 1769107911,
          "_nanoseconds": 418000000
        }
      }
    },
    {
      "type": "Feature",
      "geometry": {
        "type": "Point",
        "coordinates": [
          102.492859,
          12.9267365
        ]
      },
      "properties": {
        "id": "jiqbTiYs6WL0EjqLDHyY",
        "is_open": 0,
        "name": "Phasar Prom/Ban Phakkat",
        "countries": "THA-KHM",
        "location": {
          "_latitude": 12.9267365,
          "_longitude": 102.492859
        },
        "geohash": "w62cs31p",
        "updatedat": {
          "_seconds": 1769107911,
          "_nanoseconds": 437000000
        }
      }
    },
    {
      "type": "Feature",
      "geometry": {
        "type": "Point",
        "coordinates": [
          104.7172617,
          17.4795199
        ]
      },
      "properties": {
        "id": "jlWPwPg9AJ5c2BixrI7v",
        "is_open": 2,
        "countries": "THA-LAO",
        "location": {
          "_latitude": 17.4795199,
          "_longitude": 104.7172617
        },
        "comment": "Lao eVisa no accepted here.",
        "name": "Nakhon Phanom/ Friendship Bridge 3",
        "comment_translations": {
          "en": "Lao eVisa no accepted here.",
          "fr": "Le visa électronique laotien n'est pas accepté ici.",
          "de": "Lao eVisa werden hier nicht akzeptiert.",
          "it": "Qui non si accettano visti elettronici per il Laos.",
          "es": "Aquí no se acepta la visa electrónica de Laos.",
          "pt": "O visto eletrônico do Laos não é aceito aqui.",
          "nl": "Het Laotiaanse e-visum wordt hier niet geaccepteerd.",
          "pl": "Wiza elektroniczna do Laosu nie jest tutaj akceptowana.",
          "ru": "Здесь не принимаются электронные визы Лаоса."
        },
        "geohash": "w747qyhc",
        "updatedat": {
          "_seconds": 1769107911,
          "_nanoseconds": 458000000
        }
      }
    },
    {
      "type": "Feature",
      "geometry": {
        "type": "Point",
        "coordinates": [
          41.4450791,
          31.3718846
        ]
      },
      "properties": {
        "id": "kAMpDv9bssFYsRYLpbSd",
        "is_open": 1,
        "countries": "SAU-IRQ",
        "location": {
          "_latitude": 31.3718846,
          "_longitude": 41.4450791
        },
        "name": "An Nukhayb / Arar",
        "comment": "Closed to tourists. Only open for Iraqi pilgrims heading to Mecca.",
        "comment_translations": {
          "en": "Closed to tourists. Only open for Iraqi pilgrims heading to Mecca.",
          "fr": "Fermé aux touristes. Ouvert uniquement aux pèlerins irakiens se rendant à La Mecque.",
          "de": "Für Touristen geschlossen. Nur für irakische Pilger auf dem Weg nach Mekka geöffnet.",
          "it": "Chiuso ai turisti. Aperto solo ai pellegrini iracheni diretti alla Mecca.",
          "es": "Cerrado al turismo. Abierto solo para peregrinos iraquíes que se dirigen a La Meca.",
          "pt": "Fechado para turistas. Aberto apenas para peregrinos iraquianos a caminho de Meca.",
          "nl": "Gesloten voor toeristen. Alleen open voor Iraakse pelgrims op weg naar Mekka.",
          "pl": "Zamknięte dla turystów. Otwarte tylko dla pielgrzymów z Iraku udających się do Mekki.",
          "ru": "Закрыто для туристов. Открыто только для иракских паломников, направляющихся в Мекку."
        },
        "geohash": "svt6rp56",
        "updatedat": {
          "_seconds": 1769107911,
          "_nanoseconds": 551000000
        }
      }
    },
    {
      "type": "Feature",
      "geometry": {
        "type": "Point",
        "coordinates": [
          37.0847701,
          36.6461706
        ]
      },
      "properties": {
        "id": "kAtL1DkSZ0BbwMAb0baH",
        "is_open": 0,
        "name": "Bab as-Salama / Öncüpınar",
        "countries": "TUR-SYR",
        "location": {
          "_latitude": 36.6461706,
          "_longitude": 37.0847701
        },
        "geohash": "syd27zhr",
        "updatedat": {
          "_seconds": 1769107911,
          "_nanoseconds": 569000000
        }
      }
    },
    {
      "type": "Feature",
      "geometry": {
        "type": "Point",
        "coordinates": [
          85.9631132,
          27.9730991
        ]
      },
      "properties": {
        "id": "kGSKrpqCNztGRAQ5Z139",
        "is_open": 2,
        "comment": "Border post linking Tatopani and Zhangmu on the Araniko highway. It had been the only crossing from Nepal to Tibet from the 1960s until the large earthquake of 2015 destroyed it. From then on, the Rasuwagadhi-Gyirong border took over.\nThe Kodari border post is normally closed, but it was reopened after the Gyirong road was destroyed (2025 monsoon season).\nSo it's expected that it will be closed down again after the Gyirong crossing is accessible again.",
        "countries": "NPL-CHN",
        "location": {
          "_latitude": 27.9730991,
          "_longitude": 85.9631132
        },
        "name": "Kodari",
        "comment_translations": {
          "en": "Border post linking Tatopani and Zhangmu on the Araniko highway. It had been the only crossing from Nepal to Tibet from the 1960s until the large earthquake of 2015 destroyed it. From then on, the Rasuwagadhi-Gyirong border took over.\nThe Kodari border post is normally closed, but it was reopened after the Gyirong road was destroyed (2025 monsoon season).\nSo it's expected that it will be closed down again after the Gyirong crossing is accessible again.",
          "fr": "Le poste frontière reliant Tatopani et Zhangmu sur la route d'Araniko était le seul point de passage entre le Népal et le Tibet des années 1960 jusqu'à sa destruction par le séisme de 2015. Depuis lors, le poste frontière de Rasuwagadhi-Gyirong assure la liaison.\n\nLe poste frontière de Kodari est normalement fermé, mais il a rouvert après la destruction de la route de Gyirong (pendant la mousson de 2025).\n\nIl devrait donc être de nouveau fermé une fois le passage de Gyirong rouvert.",
          "de": "Der Grenzübergang Kodari zwischen Tatopani und Zhangmu am Araniko Highway war von den 1960er Jahren bis zu seiner Zerstörung durch das schwere Erdbeben von 2015 der einzige Übergang von Nepal nach Tibet. Seitdem dient der Grenzübergang Rasuwagadhi-Gyirong als solcher.\nDer Grenzübergang Kodari ist normalerweise geschlossen, wurde aber nach der Zerstörung der Straße nach Gyirong (Monsunzeit 2025) wieder geöffnet.\nEs ist daher zu erwarten, dass er erneut geschlossen wird, sobald der Grenzübergang Gyirong wieder befahrbar ist.",
          "it": "Posto di frontiera che collega Tatopani e Zhangmu sull'autostrada Araniko. Era stato l'unico valico dal Nepal al Tibet dagli anni '60 fino a quando il grande terremoto del 2015 lo distrusse. Da allora in poi, è stato sostituito dal confine Rasuwagadhi-Gyirong.\nIl posto di frontiera di Kodari è normalmente chiuso, ma è stato riaperto dopo la distruzione della strada di Gyirong (stagione dei monsoni del 2025).\nSi prevede quindi che verrà nuovamente chiuso non appena il valico di Gyirong sarà nuovamente accessibile.",
          "es": "Puesto fronterizo que une Tatopani y Zhangmu en la carretera de Araniko. Fue el único cruce entre Nepal y el Tíbet desde la década de 1960 hasta que el gran terremoto de 2015 lo destruyó. A partir de entonces, la frontera entre Rasuwagadhi y Gyirong tomó el relevo.\nEl puesto fronterizo de Kodari suele estar cerrado, pero se reabrió tras la destrucción de la carretera de Gyirong (temporada de monzones de 2025).\nPor lo tanto, se espera que vuelva a cerrarse cuando el cruce de Gyirong vuelva a ser accesible.",
          "pt": "Posto fronteiriço que liga Tatopani e Zhangmu na rodovia Araniko. Era a única passagem do Nepal para o Tibete desde a década de 1960 até que o grande terremoto de 2015 a destruiu. A partir de então, a fronteira Rasuwagadhi-Gyirong assumiu essa função.\nO posto fronteiriço de Kodari normalmente fica fechado, mas foi reaberto após a destruição da estrada de Gyirong (temporada de monções de 2025).\nPortanto, espera-se que seja fechado novamente assim que a passagem de Gyirong estiver acessível novamente.",
          "nl": "Grenspost die Tatopani en Zhangmu verbindt aan de Araniko-snelweg. Het was de enige grensovergang van Nepal naar Tibet van de jaren 60 tot de grote aardbeving van 2015 die de post verwoestte. Sindsdien is de grenspost Rasuwagadhi-Gyirong de enige grensovergang.\n\nDe grenspost Kodari is normaal gesproken gesloten, maar werd heropend nadat de weg naar Gyirong was verwoest (moessonseizoen 2025).\n\nHet is dus te verwachten dat de grenspost weer gesloten zal worden zodra de grensovergang bij Gyirong weer toegankelijk is.",
          "pl": "Słup graniczny łączący Tatopani i Zhangmu na autostradzie Araniko. Było to jedyne przejście graniczne z Nepalu do Tybetu od lat 60. XX wieku, aż do zniszczenia go przez silne trzęsienie ziemi w 2015 roku. Od tego czasu funkcję tę przejęła granica Rasuwagadhi-Gyirong.\nSłup graniczny w Kodari jest zazwyczaj zamknięty, ale został ponownie otwarty po zniszczeniu drogi Gyirong (sezon monsunowy 2025).\nOczekuje się więc, że zostanie ponownie zamknięty, gdy przejście graniczne w Gyirong będzie ponownie dostępne.",
          "ru": "Пограничный пункт, соединяющий Татопани и Чжанму на шоссе Аранико. С 1960-х годов это был единственный пункт пересечения границы из Непала в Тибет, пока его не разрушило сильное землетрясение 2015 года. С тех пор его место занял пограничный пункт Расувагадхи-Гьиронг.\nПограничный пункт Кодари обычно закрыт, но он был вновь открыт после разрушения дороги на Гиронг (сезон муссонов 2025 года).\nПоэтому ожидается, что он будет снова закрыт после того, как станет доступен пункт пересечения границы на Гиронг."
        },
        "geohash": "tuvphhk7",
        "updatedat": {
          "_seconds": 1769107911,
          "_nanoseconds": 609000000
        }
      }
    },
    {
      "type": "Feature",
      "geometry": {
        "type": "Point",
        "coordinates": [
          61.3749816,
          41.1786774
        ]
      },
      "properties": {
        "id": "kIwk04OygLnBgltsx8dy",
        "is_open": 2,
        "name": "Gazojak / Druzhba",
        "countries": "UZB-TKM",
        "location": {
          "_latitude": 41.1786774,
          "_longitude": 61.3749816
        },
        "geohash": "tr7dk87g",
        "updatedat": {
          "_seconds": 1769107911,
          "_nanoseconds": 652000000
        }
      }
    },
    {
      "type": "Feature",
      "geometry": {
        "type": "Point",
        "coordinates": [
          58.475364,
          51.084344
        ]
      },
      "properties": {
        "id": "kUgMpT1DMmOJzORPOcw4",
        "is_open": 2,
        "name": "Orsk / Alimbet",
        "location": {
          "_latitude": 51.084344,
          "_longitude": 58.475364
        },
        "countries": "RUS-KAZ",
        "createdat": {
          "_seconds": 1764172688,
          "_nanoseconds": 949000000
        },
        "geohash": "v31ddes7",
        "updatedat": {
          "_seconds": 1769107911,
          "_nanoseconds": 670000000
        }
      }
    },
    {
      "type": "Feature",
      "geometry": {
        "type": "Point",
        "coordinates": [
          56.3648257,
          24.9783555
        ]
      },
      "properties": {
        "id": "kk6QRrhbiez1A9rYdsLv",
        "is_open": 2,
        "countries": "ARE-OMN",
        "location": {
          "_latitude": 24.9783555,
          "_longitude": 56.3648257
        },
        "name": "Khatmat Malaha",
        "geohash": "tk2n4e5t",
        "updatedat": {
          "_seconds": 1769107911,
          "_nanoseconds": 689000000
        }
      }
    },
    {
      "type": "Feature",
      "geometry": {
        "type": "Point",
        "coordinates": [
          68.1016314,
          38.50238
        ]
      },
      "properties": {
        "id": "lAor8y0VnECcC3QZRA8E",
        "is_open": 2,
        "countries": "TJK-UZB",
        "location": {
          "_latitude": 38.50238,
          "_longitude": 68.1016314
        },
        "name": "Saryasiya / Bratstvo",
        "geohash": "twb7j9nh",
        "updatedat": {
          "_seconds": 1769107911,
          "_nanoseconds": 709000000
        }
      }
    },
    {
      "type": "Feature",
      "geometry": {
        "type": "Point",
        "coordinates": [
          100.4617298,
          20.2168403
        ]
      },
      "properties": {
        "id": "lMCJVgkWJE5aT4BPEodU",
        "is_open": 2,
        "countries": "THA-LAO",
        "location": {
          "_latitude": 20.2168403,
          "_longitude": 100.4617298
        },
        "name": "Friendship Bridge 4/Chiang Khong",
        "geohash": "w5x7n03g",
        "updatedat": {
          "_seconds": 1769107911,
          "_nanoseconds": 728000000
        }
      }
    },
    {
      "type": "Feature",
      "geometry": {
        "type": "Point",
        "coordinates": [
          55.5275973,
          22.2122317
        ]
      },
      "properties": {
        "id": "lRpyyyEUach4aQ0SwQHv",
        "is_open": 2,
        "countries": "OMN-SAU",
        "location": {
          "_latitude": 22.2122317,
          "_longitude": 55.5275973
        },
        "name": "Rub' al Khali",
        "geohash": "t5zqre9g",
        "updatedat": {
          "_seconds": 1769107911,
          "_nanoseconds": 747000000
        }
      }
    },
    {
      "type": "Feature",
      "geometry": {
        "type": "Point",
        "coordinates": [
          66.43805,
          30.9548
        ]
      },
      "properties": {
        "id": "ldWvLb7F81Z6F13lvOAF",
        "is_open": 2,
        "countries": "PAK-AFG",
        "location": {
          "_latitude": 30.9548,
          "_longitude": 66.43805
        },
        "name": "Chaman/Spin Boldak",
        "geohash": "tmx0pg4s",
        "updatedat": {
          "_seconds": 1769107911,
          "_nanoseconds": 787000000
        }
      }
    },
    {
      "type": "Feature",
      "geometry": {
        "type": "Point",
        "coordinates": [
          91.5022946,
          26.7926375
        ]
      },
      "properties": {
        "id": "mIQgR769fGkeuhFbiTPp",
        "is_open": 2,
        "countries": "IND-BTN",
        "location": {
          "_latitude": 26.7926375,
          "_longitude": 91.5022946
        },
        "name": "Samdrup Jongkhar",
        "geohash": "whc06jmy",
        "updatedat": {
          "_seconds": 1769107911,
          "_nanoseconds": 821000000
        }
      }
    },
    {
      "type": "Feature",
      "geometry": {
        "type": "Point",
        "coordinates": [
          43.7920841,
          41.1404232
        ]
      },
      "properties": {
        "id": "nF4PIWRvJh7zpjjv7FxG",
        "is_open": 2,
        "countries": "GEO-ARM",
        "location": {
          "_latitude": 41.1404232,
          "_longitude": 43.7920841
        },
        "name": "Bavra/Ninotsminda",
        "geohash": "szr4h92k",
        "updatedat": {
          "_seconds": 1769107911,
          "_nanoseconds": 839000000
        }
      }
    },
    {
      "type": "Feature",
      "geometry": {
        "type": "Point",
        "coordinates": [
          63.7109602,
          39.2112391
        ]
      },
      "properties": {
        "id": "nJqtHGDZLvQWyL9F34Ft",
        "is_open": 2,
        "name": "Farap / Alat",
        "countries": "UZB-TKM",
        "location": {
          "_latitude": 39.2112391,
          "_longitude": 63.7109602
        },
        "geohash": "tqvr1f0y",
        "updatedat": {
          "_seconds": 1769107911,
          "_nanoseconds": 856000000
        }
      }
    },
    {
      "type": "Feature",
      "geometry": {
        "type": "Point",
        "coordinates": [
          44.6266035,
          42.7406764
        ]
      },
      "properties": {
        "id": "nOqFYViPoyEeVofACcms",
        "is_open": 2,
        "countries": "RUS-GEO",
        "location": {
          "_latitude": 42.7406764,
          "_longitude": 44.6266035
        },
        "name": "Verkhniy Lars / Kazbegi",
        "comment": "Russian eVisa is valid here.",
        "comment_translations": {
          "en": "Russian eVisa is valid here.",
          "fr": "Le visa électronique russe est valable ici.",
          "de": "Das russische eVisum ist hier gültig.",
          "it": "Qui è valido il visto elettronico russo.",
          "es": "La eVisa rusa es válida aquí.",
          "pt": "O visto eletrônico russo é válido aqui.",
          "nl": "Het Russische e-visum is hier geldig.",
          "pl": "Rosyjska e-wiza jest tutaj ważna.",
          "ru": "Здесь действительна российская электронная виза."
        },
        "geohash": "szxeps8n",
        "updatedat": {
          "_seconds": 1769107911,
          "_nanoseconds": 878000000
        }
      }
    },
    {
      "type": "Feature",
      "geometry": {
        "type": "Point",
        "coordinates": [
          106.4891507,
          50.321868
        ]
      },
      "properties": {
        "id": "nT4UsPbBdSRTOcy7P87Z",
        "is_open": 2,
        "location": {
          "_latitude": 50.321868,
          "_longitude": 106.4891507
        },
        "name": "Kyakhta/Altanbulag",
        "comment": "Russian eVisa is valid here.",
        "comment_translations": {
          "en": "Russian eVisa is valid here.",
          "fr": "Le visa électronique russe est valable ici.",
          "de": "Das russische eVisum ist hier gültig.",
          "it": "Qui è valido il visto elettronico russo.",
          "es": "La eVisa rusa es válida aquí.",
          "pt": "O visto eletrônico russo é válido aqui.",
          "nl": "Het Russische e-visum is hier geldig.",
          "pl": "Rosyjska e-wiza jest tutaj ważna.",
          "ru": "Здесь действительна российская электронная виза."
        },
        "geohash": "y2gwr0z4",
        "updatedat": {
          "_seconds": 1769107911,
          "_nanoseconds": 895000000
        }
      }
    },
    {
      "type": "Feature",
      "geometry": {
        "type": "Point",
        "coordinates": [
          71.0168999992311,
          54.9219999983907
        ]
      },
      "properties": {
        "id": "nffDEigzPtt4G0dGarZj",
        "is_open": 2,
        "name": "Isilkul / Karakoga",
        "location": {
          "_latitude": 54.9219999983907,
          "_longitude": 71.0168999992311
        },
        "countries": "RUS-KAZ",
        "createdat": {
          "_seconds": 1764172688,
          "_nanoseconds": 349000000
        },
        "geohash": "v9f82n0z",
        "updatedat": {
          "_seconds": 1769107911,
          "_nanoseconds": 915000000
        }
      }
    },
    {
      "type": "Feature",
      "geometry": {
        "type": "Point",
        "coordinates": [
          105.7651563,
          17.6719281
        ]
      },
      "properties": {
        "id": "noecRoYHe1Mw8JXbFool",
        "is_open": 2,
        "name": "Na Phao/Cha Lo",
        "countries": "LAO-VNM",
        "location": {
          "_latitude": 17.6719281,
          "_longitude": 105.7651563
        },
        "comment": "Lao VOA not available and eVisa not accepted.",
        "comment_translations": {
          "en": "Lao VOA not available and eVisa not accepted.",
          "fr": "Le visa à l'arrivée pour le Laos n'est pas disponible et le visa électronique n'est pas accepté.",
          "de": "Laotische Visa bei Ankunft (VOA) sind nicht verfügbar und elektronische Visa (eVisa) werden nicht akzeptiert.",
          "it": "Il visto d'ingresso per il Laos non è disponibile e il visto elettronico non è accettato.",
          "es": "Lao VOA no está disponible y eVisa no se acepta.",
          "pt": "Visto Laosiano na chegada (VOA) não disponível e visto eletrônico (eVisa) não aceito.",
          "nl": "Een visum bij aankomst in Laos is niet beschikbaar en een e-visum wordt niet geaccepteerd.",
          "pl": "Usługa VOA w Laosie jest niedostępna, a e-wiza nie jest akceptowana.",
          "ru": "Визы по прибытии в Лаос не предоставляются, электронные визы не принимаются."
        },
        "geohash": "w75hw9pf",
        "updatedat": {
          "_seconds": 1769107911,
          "_nanoseconds": 935000000
        }
      }
    },
    {
      "type": "Feature",
      "geometry": {
        "type": "Point",
        "coordinates": [
          104.6204667,
          20.2944413
        ]
      },
      "properties": {
        "id": "nylTdydVyFWbb3IqJqgy",
        "is_open": 2,
        "name": "Nam Soi/Na Meo",
        "countries": "THA-LAO",
        "location": {
          "_latitude": 20.2944413,
          "_longitude": 104.6204667
        },
        "comment": "Lao VOA not available and eVisa not accepted.",
        "comment_translations": {
          "en": "Lao VOA not available and eVisa not accepted.",
          "fr": "Le visa à l'arrivée pour le Laos n'est pas disponible et le visa électronique n'est pas accepté.",
          "de": "Laotische Visa bei Ankunft (VOA) sind nicht verfügbar und elektronische Visa (eVisa) werden nicht akzeptiert.",
          "it": "Il visto d'ingresso per il Laos non è disponibile e il visto elettronico non è accettato.",
          "es": "Lao VOA no está disponible y eVisa no se acepta.",
          "pt": "Visto Laosiano na chegada (VOA) não disponível e visto eletrônico (eVisa) não aceito.",
          "nl": "Een visum bij aankomst in Laos is niet beschikbaar en een e-visum wordt niet geaccepteerd.",
          "pl": "Usługa VOA w Laosie jest niedostępna, a e-wiza nie jest akceptowana.",
          "ru": "Визы по прибытии в Лаос не предоставляются, электронные визы не принимаются."
        },
        "geohash": "w7d7kwqr",
        "updatedat": {
          "_seconds": 1769107911,
          "_nanoseconds": 955000000
        }
      }
    },
    {
      "type": "Feature",
      "geometry": {
        "type": "Point",
        "coordinates": [
          55.8112143,
          24.907299
        ]
      },
      "properties": {
        "id": "nymWKBbyy8STU9wJRSZM",
        "is_open": 1,
        "countries": "ARE-OMN",
        "location": {
          "_latitude": 24.907299,
          "_longitude": 55.8112143
        },
        "name": "Ar Rawdah",
        "geohash": "thrtwn0r",
        "updatedat": {
          "_seconds": 1769107911,
          "_nanoseconds": 975000000
        }
      }
    },
    {
      "type": "Feature",
      "geometry": {
        "type": "Point",
        "coordinates": [
          131.9781645,
          45.2621886
        ]
      },
      "properties": {
        "id": "nzM0JdPbX7SqdfvweAnh",
        "is_open": 2,
        "countries": "RUS-CHN",
        "location": {
          "_latitude": 45.2621886,
          "_longitude": 131.9781645
        },
        "name": "Turiy Rog/Mishan",
        "geohash": "ybjc7pxx",
        "updatedat": {
          "_seconds": 1769107911,
          "_nanoseconds": 994000000
        }
      }
    },
    {
      "type": "Feature",
      "geometry": {
        "type": "Point",
        "coordinates": [
          94.3082127,
          24.2467876
        ]
      },
      "properties": {
        "id": "oC2Hph7XGGKOWAx5fxEL",
        "is_open": 0,
        "comment": "Closed since the military takeover in Myanmar.",
        "countries": "IND-MMR",
        "location": {
          "_latitude": 24.2467876,
          "_longitude": 94.3082127
        },
        "name": "Moreh",
        "comment_translations": {
          "en": "Closed since the military takeover in Myanmar.",
          "fr": "Fermé depuis la prise de pouvoir militaire au Myanmar.",
          "de": "Geschlossen seit der Machtübernahme des Militärs in Myanmar.",
          "it": "Chiuso dopo la presa del potere da parte dei militari in Myanmar.",
          "es": "Cerrado desde la toma militar del poder en Myanmar.",
          "pt": "Fechado desde a tomada do poder pelos militares em Myanmar.",
          "nl": "Gesloten sinds de militaire machtsovername in Myanmar.",
          "pl": "Zamknięte od czasu przejęcia władzy w Mjanmie przez wojsko.",
          "ru": "Закрыто с момента военного переворота в Мьянме."
        },
        "geohash": "wh71fjcp",
        "updatedat": {
          "_seconds": 1769107912,
          "_nanoseconds": 12000000
        }
      }
    },
    {
      "type": "Feature",
      "geometry": {
        "type": "Point",
        "coordinates": [
          99.0819825,
          13.8946896
        ]
      },
      "properties": {
        "id": "oZ2mWa4E21DCivQ1ZoRS",
        "is_open": 2,
        "name": "Phu Nam Ron/Htee Khee",
        "countries": "THA-MMR",
        "location": {
          "_latitude": 13.8946896,
          "_longitude": 99.0819825
        },
        "geohash": "w4qrn9mq",
        "updatedat": {
          "_seconds": 1769107912,
          "_nanoseconds": 31000000
        }
      }
    },
    {
      "type": "Feature",
      "geometry": {
        "type": "Point",
        "coordinates": [
          91.2550016,
          23.8394518
        ]
      },
      "properties": {
        "id": "oehB60ygPHeSHlVsBUG9",
        "is_open": 2,
        "countries": "IND-BGD",
        "name": "Agartala/Akhaura",
        "location": {
          "_latitude": 23.8394518,
          "_longitude": 91.2550016
        },
        "geohash": "wh0zsecf",
        "updatedat": {
          "_seconds": 1769107912,
          "_nanoseconds": 50000000
        }
      }
    },
    {
      "type": "Feature",
      "geometry": {
        "type": "Point",
        "coordinates": [
          107.5575083,
          14.7087624
        ]
      },
      "properties": {
        "id": "onRYLQ9ranpusij7qLCr",
        "is_open": 2,
        "name": "Phou Keau/Bo Y",
        "countries": "LAO-VNM",
        "comment": "Lao VOA not available and eVisa not accepted.",
        "location": {
          "_latitude": 14.7087624,
          "_longitude": 107.5575083
        },
        "comment_translations": {
          "en": "Lao VOA not available and eVisa not accepted.",
          "fr": "Le visa à l'arrivée pour le Laos n'est pas disponible et le visa électronique n'est pas accepté.",
          "de": "Laotische Visa bei Ankunft (VOA) sind nicht verfügbar und elektronische Visa (eVisa) werden nicht akzeptiert.",
          "it": "Il visto d'ingresso per il Laos non è disponibile e il visto elettronico non è accettato.",
          "es": "Lao VOA no está disponible y eVisa no se acepta.",
          "pt": "Visto Laosiano na chegada (VOA) não disponível e visto eletrônico (eVisa) não aceito.",
          "nl": "Een visum bij aankomst in Laos is niet beschikbaar en een e-visum wordt niet geaccepteerd.",
          "pl": "Usługa VOA w Laosie jest niedostępna, a e-wiza nie jest akceptowana.",
          "ru": "Визы по прибытии в Лаос не предоставляются, электронные визы не принимаются."
        },
        "geohash": "w6s7xt8u",
        "updatedat": {
          "_seconds": 1769107912,
          "_nanoseconds": 70000000
        }
      }
    },
    {
      "type": "Feature",
      "geometry": {
        "type": "Point",
        "coordinates": [
          85.6136464,
          47.5023975
        ]
      },
      "properties": {
        "id": "p3GrseRa4UmjVcmNrWzu",
        "is_open": 2,
        "countries": "KAZ-CHN",
        "location": {
          "_latitude": 47.5023975,
          "_longitude": 85.6136464
        },
        "name": "Jeminay/Maikapchagai",
        "geohash": "vbkyhptc",
        "updatedat": {
          "_seconds": 1769107912,
          "_nanoseconds": 89000000
        }
      }
    },
    {
      "type": "Feature",
      "geometry": {
        "type": "Point",
        "coordinates": [
          44.3201994,
          41.2076482
        ]
      },
      "properties": {
        "id": "p5ev8OqJIIeRovl5D3cE",
        "is_open": 2,
        "countries": "ARM-GEO",
        "location": {
          "_latitude": 41.2076482,
          "_longitude": 44.3201994
        },
        "name": "Gogavan/Guguti",
        "geohash": "szrd2t8g",
        "updatedat": {
          "_seconds": 1769107912,
          "_nanoseconds": 109000000
        }
      }
    },
    {
      "type": "Feature",
      "geometry": {
        "type": "Point",
        "coordinates": [
          21.952485,
          55.066608
        ]
      },
      "properties": {
        "id": "pGGffC3L2Et6VT2SOrTd",
        "is_open": 2,
        "name": "Dubki / Rambinas",
        "location": {
          "_latitude": 55.066608,
          "_longitude": 21.952485
        },
        "countries": "LTU-RUS",
        "createdat": {
          "_seconds": 1764171461,
          "_nanoseconds": 833000000
        },
        "geohash": "u3z97896",
        "updatedat": {
          "_seconds": 1769107912,
          "_nanoseconds": 129000000
        }
      }
    },
    {
      "type": "Feature",
      "geometry": {
        "type": "Point",
        "coordinates": [
          48.5553613,
          41.7821253
        ]
      },
      "properties": {
        "id": "pRrdGw0kPNODUuZbRfVC",
        "is_open": 2,
        "countries": "AZE-RUS",
        "location": {
          "_latitude": 41.7821253,
          "_longitude": 48.5553613
        },
        "name": "Yalama / Tagirkent-Kazmalyar",
        "geohash": "tp6t8yhy",
        "updatedat": {
          "_seconds": 1769107912,
          "_nanoseconds": 146000000
        }
      }
    },
    {
      "type": "Feature",
      "geometry": {
        "type": "Point",
        "coordinates": [
          45.073882,
          41.3281994
        ]
      },
      "properties": {
        "id": "pXwaApfYwM2csONINuBI",
        "is_open": 3,
        "countries": "GEO-AZE",
        "location": {
          "_latitude": 41.3281994,
          "_longitude": 45.073882
        },
        "name": "Red Bridge/Sixli",
        "geohash": "tp251etf",
        "updatedat": {
          "_seconds": 1769107912,
          "_nanoseconds": 165000000
        }
      }
    },
    {
      "type": "Feature",
      "geometry": {
        "type": "Point",
        "coordinates": [
          48.637239,
          46.545927
        ]
      },
      "properties": {
        "id": "pco7DyzsEKjXrhZ7rGTp",
        "is_open": 2,
        "name": "Karauzek / Kurmangazy",
        "location": {
          "_latitude": 46.545927,
          "_longitude": 48.637239
        },
        "countries": "RUS-KAZ",
        "createdat": {
          "_seconds": 1764172687,
          "_nanoseconds": 428000000
        },
        "geohash": "v068fc2t",
        "updatedat": {
          "_seconds": 1769107912,
          "_nanoseconds": 182000000
        }
      }
    },
    {
      "type": "Feature",
      "geometry": {
        "type": "Point",
        "coordinates": [
          45.4670285,
          34.3826511
        ]
      },
      "properties": {
        "id": "rEr7QbUF6voRsdqu43nZ",
        "is_open": 3,
        "comment": "Only on foot, no motor vehicles allowed.",
        "countries": "IRN-IRQ",
        "location": {
          "_latitude": 34.3826511,
          "_longitude": 45.4670285
        },
        "name": "Khosravi",
        "comment_translations": {
          "en": "Only on foot, no motor vehicles allowed.",
          "fr": "Accès piéton uniquement, aucun véhicule motorisé n'est autorisé.",
          "de": "Nur zu Fuß erreichbar, Kraftfahrzeuge sind nicht erlaubt.",
          "it": "Solo a piedi, non sono ammessi veicoli a motore.",
          "es": "Sólo a pie, no se permiten vehículos a motor.",
          "pt": "Somente a pé, veículos motorizados não são permitidos.",
          "nl": "Alleen te voet, geen motorvoertuigen toegestaan.",
          "pl": "Tylko pieszo, zakaz poruszania się pojazdami mechanicznymi.",
          "ru": "Передвижение только пешком, автомобили запрещены."
        },
        "geohash": "tn07dehj",
        "updatedat": {
          "_seconds": 1769107912,
          "_nanoseconds": 201000000
        }
      }
    },
    {
      "type": "Feature",
      "geometry": {
        "type": "Point",
        "coordinates": [
          65.4661323,
          38.3392833
        ]
      },
      "properties": {
        "id": "rKoPQhaWGho8IyVLm8Ds",
        "is_open": 1,
        "name": "Tallymerjen",
        "countries": "UZB-TKM",
        "location": {
          "_latitude": 38.3392833,
          "_longitude": 65.4661323
        },
        "geohash": "tqyd1eqy",
        "updatedat": {
          "_seconds": 1769107912,
          "_nanoseconds": 220000000
        }
      }
    },
    {
      "type": "Feature",
      "geometry": {
        "type": "Point",
        "coordinates": [
          20.074312,
          54.424393
        ]
      },
      "properties": {
        "id": "rOsX7wVNLcXtUcJrStN2",
        "is_open": 2,
        "name": "Mamonovo / Gzhekhotki",
        "location": {
          "_latitude": 54.424393,
          "_longitude": 20.074312
        },
        "countries": "RUS-POL",
        "createdat": {
          "_seconds": 1764172512,
          "_nanoseconds": 726000000
        },
        "geohash": "u3wm8g9t",
        "updatedat": {
          "_seconds": 1769107912,
          "_nanoseconds": 237000000
        }
      }
    },
    {
      "type": "Feature",
      "geometry": {
        "type": "Point",
        "coordinates": [
          27.817193,
          57.895767
        ]
      },
      "properties": {
        "id": "rgg2cCIlXL0R8ISjj4DB",
        "is_open": 1,
        "name": "Krupp / Saatse",
        "location": {
          "_latitude": 57.895767,
          "_longitude": 27.817193
        },
        "countries": "RUS-EST",
        "createdat": {
          "_seconds": 1764172634,
          "_nanoseconds": 476000000
        },
        "geohash": "ud7c2gxg",
        "updatedat": {
          "_seconds": 1769107912,
          "_nanoseconds": 256000000
        }
      }
    },
    {
      "type": "Feature",
      "geometry": {
        "type": "Point",
        "coordinates": [
          80.1207109,
          28.992359
        ]
      },
      "properties": {
        "id": "rxGvyVMxEkbWABqhKcBq",
        "is_open": 2,
        "countries": "IND-NPL",
        "location": {
          "_latitude": 28.992359,
          "_longitude": 80.1207109
        },
        "name": "Banbasa",
        "geohash": "tv0uzjyh",
        "updatedat": {
          "_seconds": 1769107912,
          "_nanoseconds": 271000000
        }
      }
    },
    {
      "type": "Feature",
      "geometry": {
        "type": "Point",
        "coordinates": [
          83.9863704,
          29.3231404
        ]
      },
      "properties": {
        "id": "sfIO6zVeodScDhC82EET",
        "is_open": 1,
        "comment": "This crossing is only open for trade between the 2 countries.",
        "countries": "NPL-CHN",
        "location": {
          "_latitude": 29.3231404,
          "_longitude": 83.9863704
        },
        "name": "Korala",
        "comment_translations": {
          "en": "This crossing is only open for trade between the 2 countries.",
          "fr": "Ce point de passage est uniquement ouvert aux échanges commerciaux entre les deux pays.",
          "de": "Dieser Grenzübergang ist nur für den Handel zwischen den beiden Ländern geöffnet.",
          "it": "Questo valico è aperto solo per gli scambi commerciali tra i due Paesi.",
          "es": "Este cruce sólo está abierto para el comercio entre los dos países.",
          "pt": "Esta passagem está aberta apenas para o comércio entre os dois países.",
          "nl": "Deze grensovergang is alleen open voor handel tussen de twee landen.",
          "pl": "To przejście graniczne jest otwarte wyłącznie w celu handlu między tymi dwoma krajami.",
          "ru": "Этот пограничный переход открыт только для торговли между двумя странами."
        },
        "geohash": "tv5wz4j5",
        "updatedat": {
          "_seconds": 1769107912,
          "_nanoseconds": 288000000
        }
      }
    },
    {
      "type": "Feature",
      "geometry": {
        "type": "Point",
        "coordinates": [
          72.9775511,
          40.8229199
        ]
      },
      "properties": {
        "id": "sixl1sBMTXhOhi2EsU7U",
        "is_open": 0,
        "countries": "KGZ-UZB",
        "location": {
          "_latitude": 40.8229199,
          "_longitude": 72.9775511
        },
        "name": "Khanabad",
        "geohash": "tx7bhxsd",
        "updatedat": {
          "_seconds": 1769107912,
          "_nanoseconds": 330000000
        }
      }
    },
    {
      "type": "Feature",
      "geometry": {
        "type": "Point",
        "coordinates": [
          44.0910908,
          42.6297114
        ]
      },
      "properties": {
        "id": "t96A5xT3nrVXktJ2Iqch",
        "is_open": 2,
        "countries": "RUS-SOS",
        "location": {
          "_latitude": 42.6297114,
          "_longitude": 44.0910908
        },
        "comment": "Also known as the Roki tunnel.",
        "name": "Nizhny Zaramag",
        "comment_translations": {
          "en": "Also known as the Roki tunnel.",
          "fr": "Également connu sous le nom de tunnel de Roki.",
          "de": "Auch bekannt als Roki-Tunnel.",
          "it": "Noto anche come tunnel Roki.",
          "es": "También conocido como el túnel de Roki.",
          "pt": "Também conhecido como túnel de Roki.",
          "nl": "Ook wel bekend als de Roki-tunnel.",
          "pl": "Znany również jako tunel Roki.",
          "ru": "Также известен как туннель Роки."
        },
        "geohash": "szx6e2d0",
        "updatedat": {
          "_seconds": 1769107912,
          "_nanoseconds": 367000000
        }
      }
    },
    {
      "type": "Feature",
      "geometry": {
        "type": "Point",
        "coordinates": [
          70.0300178,
          33.150938
        ]
      },
      "properties": {
        "id": "tGj4CHvZ9raj8HTbttMu",
        "is_open": 1,
        "countries": "PAK-AFG",
        "location": {
          "_latitude": 33.150938,
          "_longitude": 70.0300178
        },
        "name": "Ghulam Khan",
        "geohash": "ttcu9dfq",
        "updatedat": {
          "_seconds": 1769107912,
          "_nanoseconds": 386000000
        }
      }
    },
    {
      "type": "Feature",
      "geometry": {
        "type": "Point",
        "coordinates": [
          34.9627204,
          29.357803
        ]
      },
      "properties": {
        "id": "tQugr9d0Er8bVE2pE0Fh",
        "is_open": 2,
        "countries": "SAU-JOR",
        "location": {
          "_latitude": 29.357803,
          "_longitude": 34.9627204
        },
        "name": "Durra",
        "geohash": "sv0z587j",
        "updatedat": {
          "_seconds": 1769107912,
          "_nanoseconds": 403000000
        }
      }
    },
    {
      "type": "Feature",
      "geometry": {
        "type": "Point",
        "coordinates": [
          68.7275182,
          40.9680155
        ]
      },
      "properties": {
        "id": "tQz6XY2IOXqNTt1cGfwe",
        "is_open": 2,
        "countries": "KAZ-UZB",
        "location": {
          "_latitude": 40.9680155,
          "_longitude": 68.7275182
        },
        "name": "Yalama / Konysbayeva",
        "geohash": "tx2c5cvz",
        "updatedat": {
          "_seconds": 1769107912,
          "_nanoseconds": 419000000
        }
      }
    },
    {
      "type": "Feature",
      "geometry": {
        "type": "Point",
        "coordinates": [
          46.0511099,
          33.1225012
        ]
      },
      "properties": {
        "id": "ti902UD7Jwm51JSVu5LX",
        "is_open": 2,
        "countries": "IRN-IRQ",
        "location": {
          "_latitude": 33.1225012,
          "_longitude": 46.0511099
        },
        "name": "Mehran",
        "geohash": "tjbsrvv2",
        "updatedat": {
          "_seconds": 1769107912,
          "_nanoseconds": 437000000
        }
      }
    },
    {
      "type": "Feature",
      "geometry": {
        "type": "Point",
        "coordinates": [
          81.420538,
          50.972275
        ]
      },
      "properties": {
        "id": "ty9ywDR5HQLd9Wu0zO7D",
        "is_open": 2,
        "name": "Gornyak / Zhezkent",
        "location": {
          "_latitude": 50.972275,
          "_longitude": 81.420538
        },
        "countries": "RUS-KAZ",
        "createdat": {
          "_seconds": 1764172687,
          "_nanoseconds": 761000000
        },
        "geohash": "vc1cuz0x",
        "updatedat": {
          "_seconds": 1769107912,
          "_nanoseconds": 454000000
        }
      }
    },
    {
      "type": "Feature",
      "geometry": {
        "type": "Point",
        "coordinates": [
          50.32286,
          26.1842342
        ]
      },
      "properties": {
        "id": "uHIKbiTccCcfZgkI583z",
        "is_open": 2,
        "countries": "SAU-BHR",
        "location": {
          "_latitude": 26.1842342,
          "_longitude": 50.32286
        },
        "name": "King Fahd Causeway",
        "geohash": "theucney",
        "updatedat": {
          "_seconds": 1769107912,
          "_nanoseconds": 472000000
        }
      }
    },
    {
      "type": "Feature",
      "geometry": {
        "type": "Point",
        "coordinates": [
          56.087357,
          26.0497437
        ]
      },
      "properties": {
        "id": "uK4rqqkNS9XDkqQjjt8Z",
        "is_open": 2,
        "countries": "ARE-OMN",
        "location": {
          "_latitude": 26.0497437,
          "_longitude": 56.087357
        },
        "name": "Al Dhara",
        "geohash": "thxuhq1w",
        "updatedat": {
          "_seconds": 1769107912,
          "_nanoseconds": 490000000
        }
      }
    },
    {
      "type": "Feature",
      "geometry": {
        "type": "Point",
        "coordinates": [
          140.9980302,
          -2.6086255
        ]
      },
      "properties": {
        "id": "uRiGDUVVDD3NXXAscLpb",
        "is_open": 2,
        "name": "Skouw/Wutung",
        "countries": "IDN-PNG",
        "location": {
          "_latitude": -2.6086255,
          "_longitude": 140.9980302
        },
        "geohash": "rps30mpe",
        "updatedat": {
          "_seconds": 1769107912,
          "_nanoseconds": 508000000
        }
      }
    },
    {
      "type": "Feature",
      "geometry": {
        "type": "Point",
        "coordinates": [
          45.1356123,
          41.3790733
        ]
      },
      "properties": {
        "id": "uW5JdikVcnRfekYBo0B0",
        "is_open": 3,
        "countries": "AZE-GEO",
        "location": {
          "_latitude": 41.3790733,
          "_longitude": 45.1356123
        },
        "name": "Sadaxli",
        "geohash": "tp257hfd",
        "updatedat": {
          "_seconds": 1769107912,
          "_nanoseconds": 525000000
        }
      }
    },
    {
      "type": "Feature",
      "geometry": {
        "type": "Point",
        "coordinates": [
          59.3340997,
          37.5280597
        ]
      },
      "properties": {
        "id": "uXBR0iIPWBjF0KdbD71y",
        "is_open": 2,
        "name": "Lotfabad / Artyk",
        "countries": "IRN-TKM",
        "location": {
          "_latitude": 37.5280597,
          "_longitude": 59.3340997
        },
        "geohash": "tqdjqpvb",
        "updatedat": {
          "_seconds": 1769107912,
          "_nanoseconds": 543000000
        }
      }
    },
    {
      "type": "Feature",
      "geometry": {
        "type": "Point",
        "coordinates": [
          28.197336,
          56.356309
        ]
      },
      "properties": {
        "id": "ubN0uMYIS85QiMKDaqZd",
        "is_open": 2,
        "location": {
          "_latitude": 56.356309,
          "_longitude": 28.197336
        },
        "countries": "RUS-LVA",
        "createdat": {
          "_seconds": 1764258327,
          "_nanoseconds": 977000000
        },
        "name": "Burachki / Terehova",
        "comment_translations": {
          "en": "Mandatory reservation: https://lvrobeza.lv/en/reserve/",
          "fr": "Réservation obligatoire : https://lvrobeza.lv/en/reserve/",
          "de": "Reservierung erforderlich: https://lvrobeza.lv/en/reserve/",
          "it": "Prenotazione obbligatoria: https://lvrobeza.lv/en/reserve/",
          "es": "Reserva obligatoria: https://lvrobeza.lv/en/reserve/",
          "pt": "Reserva obrigatória: https://lvrobeza.lv/en/reserve/",
          "nl": "Reserveren is verplicht: https://lvrobeza.lv/en/reserve/",
          "pl": "Obowiązkowa rezerwacja: https://lvrobeza.lv/en/reserve/",
          "ru": "Обязательное бронирование: https://lvrobeza.lv/en/reserve/"
        },
        "comment": "Mandatory reservation: https://lvrobeza.lv/en/reserve/\nRussian eVisa valid.",
        "geohash": "udh09eke",
        "updatedat": {
          "_seconds": 1769107912,
          "_nanoseconds": 559000000
        }
      }
    },
    {
      "type": "Feature",
      "geometry": {
        "type": "Point",
        "coordinates": [
          75.1489788,
          42.8812462
        ]
      },
      "properties": {
        "id": "ufbWqYAVmtiOA82c7Jbl",
        "is_open": 2,
        "name": "Ken-Bulun",
        "countries": "KAZ-KGZ",
        "location": {
          "_latitude": 42.8812462,
          "_longitude": 75.1489788
        },
        "geohash": "txt7yn3c",
        "updatedat": {
          "_seconds": 1769107912,
          "_nanoseconds": 579000000
        }
      }
    },
    {
      "type": "Feature",
      "geometry": {
        "type": "Point",
        "coordinates": [
          56.2312487,
          25.6093449
        ]
      },
      "properties": {
        "id": "uyyHAv5zo98FN41ECbTp",
        "is_open": 2,
        "countries": "ARE-OMN",
        "location": {
          "_latitude": 25.6093449,
          "_longitude": 56.2312487
        },
        "name": "Wam Dibba",
        "comment": "This new crossing opened in 2025. It's able to process foreigners, so it's open to all.",
        "comment_translations": {
          "en": "This new crossing opened in 2025. It's able to process foreigners, so it's open to all.",
          "fr": "Ce nouveau point de passage a ouvert en 2025. Il est en mesure de traiter les demandes des étrangers, il est donc ouvert à tous.",
          "de": "Dieser neue Grenzübergang wurde 2025 eröffnet. Er kann auch Ausländer abfertigen und steht somit allen offen.",
          "it": "Questo nuovo valico è stato inaugurato nel 2025. È in grado di accogliere gli stranieri, quindi è aperto a tutti.",
          "es": "Este nuevo cruce se inauguró en 2025. Está capacitado para procesar extranjeros, por lo que está abierto a todos.",
          "pt": "Essa nova travessia foi inaugurada em 2025. Ela tem capacidade para processar estrangeiros, portanto está aberta a todos.",
          "nl": "Deze nieuwe grensovergang is in 2025 geopend. Ze is geschikt voor buitenlanders en dus voor iedereen toegankelijk.",
          "pl": "To nowe przejście graniczne zostanie otwarte w 2025 roku. Może ono obsługiwać cudzoziemców, jest więc otwarte dla wszystkich.",
          "ru": "Этот новый пункт пропуска открылся в 2025 году. Он способен обслуживать иностранцев, поэтому открыт для всех."
        },
        "geohash": "thxcxw43",
        "updatedat": {
          "_seconds": 1769107912,
          "_nanoseconds": 598000000
        }
      }
    },
    {
      "type": "Feature",
      "geometry": {
        "type": "Point",
        "coordinates": [
          46.789453,
          48.953911
        ]
      },
      "properties": {
        "id": "vSdiAOojVHtZGDJTiaUe",
        "is_open": 1,
        "name": "Polynnyy / Orda",
        "location": {
          "_latitude": 48.953911,
          "_longitude": 46.789453
        },
        "countries": "RUS-KAZ",
        "createdat": {
          "_seconds": 1764172687,
          "_nanoseconds": 494000000
        },
        "geohash": "v09q2xz1",
        "updatedat": {
          "_seconds": 1769107912,
          "_nanoseconds": 615000000
        }
      }
    },
    {
      "type": "Feature",
      "geometry": {
        "type": "Point",
        "coordinates": [
          127.6451164,
          50.1980288
        ]
      },
      "properties": {
        "id": "w56zys52qS3ijWmOV02d",
        "is_open": 2,
        "countries": "RUS-CHN",
        "location": {
          "_latitude": 50.1980288,
          "_longitude": 127.6451164
        },
        "name": "Kani-Kurgan/Heihe",
        "geohash": "ybfv8dk2",
        "updatedat": {
          "_seconds": 1769107912,
          "_nanoseconds": 635000000
        }
      }
    },
    {
      "type": "Feature",
      "geometry": {
        "type": "Point",
        "coordinates": [
          81.11318,
          51.211204
        ]
      },
      "properties": {
        "id": "w8vnn8NwGNXFe47w9jpF",
        "is_open": 2,
        "name": "Veseloyarsk / Auyl",
        "location": {
          "_latitude": 51.211204,
          "_longitude": 81.11318
        },
        "countries": "RUS-KAZ",
        "createdat": {
          "_seconds": 1764172687,
          "_nanoseconds": 636000000
        },
        "geohash": "vc1emf8y",
        "updatedat": {
          "_seconds": 1769107912,
          "_nanoseconds": 654000000
        }
      }
    },
    {
      "type": "Feature",
      "geometry": {
        "type": "Point",
        "coordinates": [
          68.8482281,
          40.1937942
        ]
      },
      "properties": {
        "id": "wWltQHvRCw8A6hJxPsKT",
        "is_open": 2,
        "countries": "TJK-UZB",
        "location": {
          "_latitude": 40.1937942,
          "_longitude": 68.8482281
        },
        "name": "Zafarobod / Xovosobod",
        "geohash": "tx0uwtj9",
        "updatedat": {
          "_seconds": 1769107912,
          "_nanoseconds": 672000000
        }
      }
    },
    {
      "type": "Feature",
      "geometry": {
        "type": "Point",
        "coordinates": [
          115.0294271,
          4.6911944
        ]
      },
      "properties": {
        "id": "wYpKGJxZLTsGVvvHZ0c6",
        "is_open": 2,
        "name": "Ujung Jalan/Pandaruan",
        "countries": "BRN-MYS",
        "location": {
          "_latitude": 4.6911944,
          "_longitude": 115.0294271
        },
        "geohash": "w8cf9w1b",
        "updatedat": {
          "_seconds": 1769107912,
          "_nanoseconds": 689000000
        }
      }
    },
    {
      "type": "Feature",
      "geometry": {
        "type": "Point",
        "coordinates": [
          101.0860357,
          19.5962892
        ]
      },
      "properties": {
        "id": "wb89fzzMEfvesb5OKe2S",
        "is_open": 2,
        "name": "Namngeun/Huai Kon",
        "countries": "THA-LAO",
        "location": {
          "_latitude": 19.5962892,
          "_longitude": 101.0860357
        },
        "comment": "Lao VOA not available and eVisa not accepted.",
        "comment_translations": {
          "en": "Lao VOA not available and eVisa not accepted.",
          "fr": "Le visa à l'arrivée pour le Laos n'est pas disponible et le visa électronique n'est pas accepté.",
          "de": "Laotische Visa bei Ankunft (VOA) sind nicht verfügbar und elektronische Visa (eVisa) werden nicht akzeptiert.",
          "it": "Il visto d'ingresso per il Laos non è disponibile e il visto elettronico non è accettato.",
          "es": "Lao VOA no está disponible y eVisa no se acepta.",
          "pt": "Visto Laosiano na chegada (VOA) não disponível e visto eletrônico (eVisa) não aceito.",
          "nl": "Een visum bij aankomst in Laos is niet beschikbaar en een e-visum wordt niet geaccepteerd.",
          "pl": "Usługa VOA w Laosie jest niedostępna, a e-wiza nie jest akceptowana.",
          "ru": "Визы по прибытии в Лаос не предоставляются, электронные визы не принимаются."
        },
        "geohash": "w5rzkr2s",
        "updatedat": {
          "_seconds": 1769107912,
          "_nanoseconds": 709000000
        }
      }
    },
    {
      "type": "Feature",
      "geometry": {
        "type": "Point",
        "coordinates": [
          73.5110693,
          42.8230545
        ]
      },
      "properties": {
        "id": "wcLuHV3bFiURvB9MCPaz",
        "is_open": 2,
        "name": "Sypatay Batyr / Chaldybar",
        "countries": "KGZ-KAZ",
        "location": {
          "_latitude": 42.8230545,
          "_longitude": 73.5110693
        },
        "geohash": "txs78g9n",
        "updatedat": {
          "_seconds": 1769107912,
          "_nanoseconds": 729000000
        }
      }
    },
    {
      "type": "Feature",
      "geometry": {
        "type": "Point",
        "coordinates": [
          50.896097,
          51.853502
        ]
      },
      "properties": {
        "id": "wcQ056Qx7YCQRNRLhHC6",
        "is_open": 2,
        "name": "Mashtakovo / Syrym",
        "location": {
          "_latitude": 51.853502,
          "_longitude": 50.896097
        },
        "countries": "RUS-KAZ",
        "createdat": {
          "_seconds": 1764172688,
          "_nanoseconds": 882000000
        },
        "geohash": "v1hnyptk",
        "updatedat": {
          "_seconds": 1769107912,
          "_nanoseconds": 748000000
        }
      }
    },
    {
      "type": "Feature",
      "geometry": {
        "type": "Point",
        "coordinates": [
          71.5033786,
          42.7915914
        ]
      },
      "properties": {
        "id": "wcXzWQvSjxmVqJtwaJlE",
        "is_open": 2,
        "name": "Aisha Bibi / Chon-Kapka",
        "countries": "KGZ-KAZ",
        "location": {
          "_latitude": 42.7915914,
          "_longitude": 71.5033786
        },
        "geohash": "txdg7jgp",
        "updatedat": {
          "_seconds": 1769107912,
          "_nanoseconds": 765000000
        }
      }
    },
    {
      "type": "Feature",
      "geometry": {
        "type": "Point",
        "coordinates": [
          100.0872619,
          20.3548046
        ]
      },
      "properties": {
        "id": "woAaGOI2VaGQQPuH3dyH",
        "is_open": 2,
        "name": "Golden Triangle International",
        "countries": "THA-LAO",
        "location": {
          "_latitude": 20.3548046,
          "_longitude": 100.0872619
        },
        "comment": "Ferry crossing.\nOn Lao side, VOA is available but eVisa is not accepted.",
        "comment_translations": {
          "en": "Ferry crossing.\nOn Lao side, VOA is available but eVisa is not accepted.",
          "fr": "Traversée en ferry.\n\nCôté laotien, le visa à l'arrivée est disponible, mais le visa électronique n'est pas accepté.",
          "de": "Fährüberfahrt.\nAuf laotischer Seite ist ein Visum bei Ankunft (VOA) erhältlich, ein elektronisches Visum (eVisa) wird jedoch nicht akzeptiert.",
          "it": "Traghetto.\nSul lato laotiano è disponibile il visto elettronico (VOA), ma non è accettato.",
          "es": "Cruce en ferry.\nEn Laos, se puede solicitar la visa VOA, pero no se acepta la visa electrónica.",
          "pt": "Travessia de balsa.\nDo lado laosiano, o visto na chegada está disponível, mas o visto eletrônico não é aceito.",
          "nl": "Veerbootovertocht.\n\nAan de Laotiaanse kant is een visum bij aankomst (VOA) mogelijk, maar een e-visum wordt niet geaccepteerd.",
          "pl": "Przeprawa promowa.\nPo stronie Laosu VOA jest dostępna, ale e-wiza nie jest akceptowana.",
          "ru": "Переправа на пароме.\nНа лаосской стороне виза по прибытии доступна, но электронная виза не принимается."
        },
        "geohash": "w5x5v93r",
        "updatedat": {
          "_seconds": 1769107912,
          "_nanoseconds": 783000000
        }
      }
    },
    {
      "type": "Feature",
      "geometry": {
        "type": "Point",
        "coordinates": [
          34.2574284,
          31.2483171
        ]
      },
      "properties": {
        "id": "x9y4tQsUxVIDCOlVQEj8",
        "is_open": 0,
        "name": "Rafah",
        "countries": "PSX-EGY",
        "location": {
          "_latitude": 31.2483171,
          "_longitude": 34.2574284
        },
        "geohash": "sv83g896",
        "updatedat": {
          "_seconds": 1769107912,
          "_nanoseconds": 801000000
        }
      }
    },
    {
      "type": "Feature",
      "geometry": {
        "type": "Point",
        "coordinates": [
          48.4761962,
          41.7063396
        ]
      },
      "properties": {
        "id": "xPez4QX7AZw0rbYdrGDB",
        "is_open": 2,
        "countries": "AZE-RUS",
        "location": {
          "_latitude": 41.7063396,
          "_longitude": 48.4761962
        },
        "name": "Shirvanovka / Filya",
        "geohash": "tp6mr07m",
        "updatedat": {
          "_seconds": 1769107912,
          "_nanoseconds": 819000000
        }
      }
    },
    {
      "type": "Feature",
      "geometry": {
        "type": "Point",
        "coordinates": [
          80.103876,
          50.918237
        ]
      },
      "properties": {
        "id": "xSY5lB2JbbzMBjyNffyq",
        "is_open": 1,
        "name": "Topolnoe / Baytanat",
        "location": {
          "_latitude": 50.918237,
          "_longitude": 80.103876
        },
        "countries": "RUS-KAZ",
        "createdat": {
          "_seconds": 1764172688,
          "_nanoseconds": 40000000
        },
        "geohash": "vc0cwv3u",
        "updatedat": {
          "_seconds": 1769107912,
          "_nanoseconds": 839000000
        }
      }
    },
    {
      "type": "Feature",
      "geometry": {
        "type": "Point",
        "coordinates": [
          78.268375,
          52.924229
        ]
      },
      "properties": {
        "id": "xeZdBV3Nc8ZO5h5mmgRO",
        "is_open": 1,
        "name": "Pavlovka / Nayza",
        "location": {
          "_latitude": 52.924229,
          "_longitude": 78.268375
        },
        "countries": "RUS-KAZ",
        "createdat": {
          "_seconds": 1764172687,
          "_nanoseconds": 974000000
        },
        "geohash": "v9rtj493",
        "updatedat": {
          "_seconds": 1769107912,
          "_nanoseconds": 857000000
        }
      }
    },
    {
      "type": "Feature",
      "geometry": {
        "type": "Point",
        "coordinates": [
          -15.8098886,
          16.5041878
        ]
      },
      "properties": {
        "id": "yCeD4ofAap1Elrspku55",
        "is_open": 2,
        "name": "Rosso",
        "countries": "MRT-SEN",
        "location": {
          "_latitude": 16.5041878,
          "_longitude": -15.8098886
        },
        "comment": "Ferry crossing.\nLots of bad feedback from corrupt officials at this border, so if possible cross at Diama instead (during the rains, the muddy track to Diama may be too difficult).",
        "comment_translations": {
          "en": "Ferry crossing.\nLots of bad feedback from corrupt officials at this border, so if possible cross at Diama instead (during the rains, the muddy track to Diama may be too difficult).",
          "fr": "Traversée en ferry.\n\nDe nombreux témoignages négatifs font état de la corruption des agents à cette frontière ; si possible, il est donc préférable de traverser à Diama (pendant la saison des pluies, la piste boueuse menant à Diama peut être impraticable).",
          "de": "Fährüberfahrt. Es gibt viele negative Berichte über korrupte Beamte an dieser Grenze. Überqueren Sie die Grenze daher nach Möglichkeit in Diama (während der Regenzeit kann der schlammige Weg nach Diama zu schwierig sein).",
          "it": "Attraversamento in traghetto.\nMolti feedback negativi da parte di funzionari corrotti a questo confine, quindi se possibile, attraversate a Diama (durante le piogge, il sentiero fangoso per Diama potrebbe essere troppo difficoltoso).",
          "es": "Cruce en ferry. Hay muchos comentarios negativos de funcionarios corruptos en esta frontera, así que, si es posible, cruce por Diama (durante las lluvias, el camino fangoso hacia Diama puede ser demasiado difícil).",
          "pt": "Travessia de balsa.\nHá muitos relatos negativos sobre funcionários corruptos nesta fronteira, portanto, se possível, atravesse em Diama (durante as chuvas, a estrada de terra até Diama pode ser muito difícil).",
          "nl": "Veerbootovertocht.\n\nEr zijn veel negatieve ervaringen met corrupte ambtenaren aan deze grens, dus steek indien mogelijk over bij Diama (tijdens het regenseizoen kan het modderige pad naar Diama te moeilijk begaanbaar zijn).",
          "pl": "Przeprawa promowa.\nWiele negatywnych opinii od skorumpowanych urzędników na tej granicy, więc jeśli to możliwe, przekraczajcie granicę w Diamie (podczas deszczu błotnista droga do Diamy może być zbyt trudna).",
          "ru": "Переправа на пароме.\nМного негативных отзывов от коррумпированных чиновников на этой границе, поэтому, если возможно, пересекайте границу в Диаме (во время дождей грязная дорога до Диамы может быть слишком сложной)."
        },
        "geohash": "eduvbhrx",
        "updatedat": {
          "_seconds": 1769107912,
          "_nanoseconds": 875000000
        }
      }
    },
    {
      "type": "Feature",
      "geometry": {
        "type": "Point",
        "coordinates": [
          64.805326,
          54.386677
        ]
      },
      "properties": {
        "id": "yOGju1hDt6Ra3mpWS9Nh",
        "is_open": 1,
        "name": "Zverinogolovskoe / Ubagan",
        "location": {
          "_latitude": 54.386677,
          "_longitude": 64.805326
        },
        "countries": "RUS-KAZ",
        "createdat": {
          "_seconds": 1764172689,
          "_nanoseconds": 190000000
        },
        "geohash": "v3wj6svc",
        "updatedat": {
          "_seconds": 1769107912,
          "_nanoseconds": 894000000
        }
      }
    },
    {
      "type": "Feature",
      "geometry": {
        "type": "Point",
        "coordinates": [
          102.8902314,
          21.214869
        ]
      },
      "properties": {
        "id": "yOcHZhiyKjy0U14M71ej",
        "is_open": 2,
        "name": "Pang Hok/Tay Trang",
        "countries": "LAO-VNM",
        "location": {
          "_latitude": 21.214869,
          "_longitude": 102.8902314
        },
        "comment": "Lao VOA not available and eVisa not accepted.",
        "comment_translations": {
          "en": "Lao VOA not available and eVisa not accepted.",
          "fr": "Le visa à l'arrivée pour le Laos n'est pas disponible et le visa électronique n'est pas accepté.",
          "de": "Laotische Visa bei Ankunft (VOA) sind nicht verfügbar und elektronische Visa (eVisa) werden nicht akzeptiert.",
          "it": "Il visto d'ingresso per il Laos non è disponibile e il visto elettronico non è accettato.",
          "es": "Lao VOA no está disponible y eVisa no se acepta.",
          "pt": "Visto Laosiano na chegada (VOA) não disponível e visto eletrônico (eVisa) não aceito.",
          "nl": "Een visum bij aankomst in Laos is niet beschikbaar en een e-visum wordt niet geaccepteerd.",
          "pl": "Usługa VOA w Laosie jest niedostępna, a e-wiza nie jest akceptowana.",
          "ru": "Визы по прибытии в Лаос не предоставляются, электронные визы не принимаются."
        },
        "geohash": "w7c0tq43",
        "updatedat": {
          "_seconds": 1769107912,
          "_nanoseconds": 913000000
        }
      }
    },
    {
      "type": "Feature",
      "geometry": {
        "type": "Point",
        "coordinates": [
          77.709242,
          53.401993
        ]
      },
      "properties": {
        "id": "yPZK5gmegz5xjJuaNvTL",
        "is_open": 2,
        "name": "Pavlovka / Kosak",
        "location": {
          "_latitude": 53.401993,
          "_longitude": 77.709242
        },
        "countries": "RUS-KAZ",
        "createdat": {
          "_seconds": 1764172688,
          "_nanoseconds": 146000000
        },
        "geohash": "v9rrb3d1",
        "updatedat": {
          "_seconds": 1769107912,
          "_nanoseconds": 930000000
        }
      }
    },
    {
      "type": "Feature",
      "geometry": {
        "type": "Point",
        "coordinates": [
          71.5011408,
          37.5270323
        ]
      },
      "properties": {
        "id": "yT9ZdYhWajf4xGVXxQgM",
        "is_open": 1,
        "name": "Tem-Demogan",
        "countries": "TJK-AFG",
        "location": {
          "_latitude": 37.5270323,
          "_longitude": 71.5011408
        },
        "geohash": "twdv7p9d",
        "updatedat": {
          "_seconds": 1769107912,
          "_nanoseconds": 949000000
        }
      }
    },
    {
      "type": "Feature",
      "geometry": {
        "type": "Point",
        "coordinates": [
          48.8761252,
          38.4392017
        ]
      },
      "properties": {
        "id": "yTrr9gGGskIcUIs0RWmC",
        "is_open": 3,
        "countries": "AZE-IRN",
        "name": "Astara",
        "location": {
          "_latitude": 38.4392017,
          "_longitude": 48.8761252
        },
        "geohash": "tnff8jws",
        "updatedat": {
          "_seconds": 1769107912,
          "_nanoseconds": 970000000
        }
      }
    },
    {
      "type": "Feature",
      "geometry": {
        "type": "Point",
        "coordinates": [
          103.64165,
          18.39013
        ]
      },
      "properties": {
        "id": "yaM5m8ELv62U51W4iWZ6",
        "is_open": 2,
        "name": "Paksan/Bueng Kan",
        "countries": "THA-LAO",
        "location": {
          "_latitude": 18.39013,
          "_longitude": 103.64165
        },
        "comment": "Ferry crossing.\nLao VOA not available and eVisa not accepted.",
        "comment_translations": {
          "en": "Ferry crossing.\nLao VOA not available and eVisa not accepted.",
          "fr": "Traversée en ferry.\n\nLe visa à l'arrivée pour le Laos n'est pas disponible et le visa électronique n'est pas accepté.",
          "de": "Fährüberfahrt. Laotisches Visum bei Ankunft nicht erhältlich, elektronisches Visum wird nicht akzeptiert.",
          "it": "Traghetto.\nVOA per il Laos non disponibile e visto elettronico non accettato.",
          "es": "Cruce en ferry.\nVOA de Laos no disponible y no se acepta visa electrónica.",
          "pt": "Travessia de balsa.\nO visto laosiano na chegada (VOA) não está disponível e o visto eletrônico (eVisa) não é aceito.",
          "nl": "Veerbootovertocht.\n\nLaotiaans visum bij aankomst niet beschikbaar en e-visum wordt niet geaccepteerd.",
          "pl": "Przeprawa promowa.\nLaotańska VOA niedostępna, a e-wizy nie są akceptowane.",
          "ru": "Переправа на пароме.\nЛаосская виза по прибытии недоступна, электронная виза не принимается."
        },
        "geohash": "w738w7vd",
        "updatedat": {
          "_seconds": 1769107912,
          "_nanoseconds": 989000000
        }
      }
    },
    {
      "type": "Feature",
      "geometry": {
        "type": "Point",
        "coordinates": [
          102.9097177,
          11.6509201
        ]
      },
      "properties": {
        "id": "ysfARiNJWC6bcU8XLt6b",
        "is_open": 0,
        "location": {
          "_latitude": 11.6509201,
          "_longitude": 102.9097177
        },
        "countries": "THA-KHM",
        "name": "Hat Lek/Cham Yeam",
        "comment": "Cambodian VOA available here (if border is open).",
        "comment_translations": {
          "en": "Cambodian VOA available here (if border is open).",
          "fr": "Visa de voyage cambodgien disponible ici (si la frontière est ouverte).",
          "de": "Kambodschanische Visa bei Ankunft (VOA) hier erhältlich (sofern die Grenze geöffnet ist).",
          "it": "VOA cambogiano disponibile qui (se il confine è aperto).",
          "es": "VOA camboyano disponible aquí (si la frontera está abierta).",
          "pt": "Visto cambojano disponível aqui (se a fronteira estiver aberta).",
          "nl": "Cambodjaans visum bij aankomst is hier beschikbaar (indien de grens open is).",
          "pl": "Kambodżańska informacja VOA dostępna tutaj (jeśli granica jest otwarta).",
          "ru": "Камбоджийская виза по прибытии доступна здесь (если граница открыта)."
        },
        "geohash": "w614mbbx",
        "updatedat": {
          "_seconds": 1769107913,
          "_nanoseconds": 12000000
        }
      }
    },
    {
      "type": "Feature",
      "geometry": {
        "type": "Point",
        "coordinates": [
          65.2671742,
          37.2460585
        ]
      },
      "properties": {
        "id": "ywqcERpxn769fEhV5s8p",
        "is_open": -1,
        "name": "Imam Nazar",
        "countries": "TKM-AFG",
        "location": {
          "_latitude": 37.2460585,
          "_longitude": 65.2671742
        },
        "geohash": "tqw7vhqn",
        "updatedat": {
          "_seconds": 1769107913,
          "_nanoseconds": 34000000
        }
      }
    },
    {
      "type": "Feature",
      "geometry": {
        "type": "Point",
        "coordinates": [
          36.0090512,
          35.9043493
        ]
      },
      "properties": {
        "id": "zTAk3cPRt6d59RVRYr0r",
        "is_open": 0,
        "countries": "TUR-SYR",
        "location": {
          "_latitude": 35.9043493,
          "_longitude": 36.0090512
        },
        "name": "Yayladağı / Kassab",
        "geohash": "sy3s72hv",
        "updatedat": {
          "_seconds": 1769107913,
          "_nanoseconds": 51000000
        }
      }
    },
    {
      "type": "Feature",
      "geometry": {
        "type": "Point",
        "coordinates": [
          88.1625578,
          26.6446682
        ]
      },
      "properties": {
        "id": "zWfB7LNKT1IMBU9ZeElb",
        "is_open": 2,
        "comment": "As a tourist, you need to look for the immigration offices on either sides of the border, because 99.99% of the traffic is bilateral and they only need to show an ID to cross, so this is very unformal.\nHave your visa checked and carnet stamped before crossing actual border, where they'll only check for your entry/exit stamps.\nNote that the large 2-lanes highway is restricted to cars and trucks, motorcycles need to take the smaller road that runs parallel and which is congested with rickshaws.",
        "countries": "IND-NPL",
        "location": {
          "_latitude": 26.6446682,
          "_longitude": 88.1625578
        },
        "name": "Panitanki/Kakarbhitta",
        "comment_translations": {
          "en": "As a tourist, you need to look for the immigration offices on either sides of the border, because 99.99% of the traffic is bilateral and they only need to show an ID to cross, so this is very unformal.\nHave your visa checked and carnet stamped before crossing actual border, where they'll only check for your entry/exit stamps.\nNote that the large 2-lanes highway is restricted to cars and trucks, motorcycles need to take the smaller road that runs parallel and which is congested with rickshaws.",
          "fr": "En tant que touriste, vous devez repérer les bureaux de l'immigration de part et d'autre de la frontière, car la quasi-totalité du trafic est bilatéral et une simple pièce d'identité suffit pour passer. La procédure est donc très informelle.\n\nFaites vérifier votre visa et tamponner votre carnet de passage en douane avant de franchir la frontière. Seuls les tampons d'entrée et de sortie seront contrôlés.\n\nNotez que la grande route à deux voies est réservée aux voitures et aux camions. Les motos doivent emprunter la route parallèle, plus petite et souvent encombrée de rickshaws.",
          "de": "Als Tourist sollten Sie die Einwanderungsbehörden auf beiden Seiten der Grenze aufsuchen, da der Verkehr zu 99,99 % bilateral ist und für die Einreise lediglich ein Ausweis benötigt wird – die Abläufe sind also sehr informell. Lassen Sie Ihr Visum und Ihr Carnet vor dem eigentlichen Grenzübertritt prüfen und abstempeln. Dort werden lediglich Ihre Ein- und Ausreisestempel kontrolliert. Beachten Sie, dass die breite, zweispurige Autobahn nur für Pkw und Lkw zugelassen ist. Motorräder müssen die parallel verlaufende, kleinere Straße benutzen, die oft von Rikschas befahren wird.",
          "it": "Come turista, è necessario cercare gli uffici immigrazione su entrambi i lati del confine, perché il 99,99% del traffico è bilaterale e per attraversare è sufficiente mostrare un documento d'identità, quindi è molto informale.\nFate controllare il visto e timbrare il carnet prima di attraversare il confine vero e proprio, dove controlleranno solo i timbri di ingresso/uscita.\nSi noti che la grande autostrada a due corsie è riservata ad auto e camion; le motociclette devono prendere la strada parallela più piccola, congestionata dai risciò.",
          "es": "Como turista, debe buscar las oficinas de inmigración a ambos lados de la frontera, ya que el 99,99% del tráfico es bilateral y solo necesitan mostrar una identificación para cruzar, lo cual es muy informal.\nRevise su visa y selle su carnet antes de cruzar la frontera, donde solo verificarán sus sellos de entrada y salida.\nTenga en cuenta que la autopista de dos carriles está restringida a automóviles y camiones; las motocicletas deben tomar la carretera paralela, que está congestionada por rickshaws.",
          "pt": "Como turista, você precisa procurar os escritórios de imigração em ambos os lados da fronteira, porque 99,99% do tráfego é bilateral e eles só precisam mostrar um documento de identidade para atravessar, então é muito informal.\nVerifique seu visto e carimbe o Carnet antes de cruzar a fronteira propriamente dita, onde eles só verificarão seus carimbos de entrada/saída.\nObserve que a grande rodovia de duas faixas é restrita a carros e caminhões; as motocicletas precisam usar a estrada menor que corre paralela e que está congestionada com riquixás.",
          "nl": "Als toerist moet je de immigratiekantoren aan beide zijden van de grens opzoeken, omdat 99,99% van het verkeer tweezijdig is en je alleen een identiteitsbewijs hoeft te laten zien om de grens over te steken, dus het is erg informeel.\n\nLaat je visum controleren en je carnet afstempelen voordat je de grens oversteekt. Daar controleren ze alleen je in- en uitreisstempels.\n\nHoud er rekening mee dat de brede tweebaansweg alleen toegankelijk is voor auto's en vrachtwagens. Motorfietsen moeten de kleinere, parallel lopende weg nemen, die vol zit met riksja's.",
          "pl": "Jako turysta musisz szukać urzędów imigracyjnych po obu stronach granicy, ponieważ 99,99% ruchu odbywa się w obie strony i wymaga jedynie okazania dokumentu tożsamości, co jest bardzo nieformalne.\nPrzed przekroczeniem granicy sprawdź wizę i podstempluj karnet. Tam sprawdzą tylko pieczątki wjazdowe i wyjazdowe.\nPamiętaj, że duża, dwupasmowa autostrada jest przeznaczona wyłącznie dla samochodów osobowych i ciężarowych, a motocykle muszą korzystać z mniejszej, równoległej drogi, na której często jeżdżą riksze.",
          "ru": "Туристам необходимо искать иммиграционные пункты по обе стороны границы, поскольку 99,99% движения является двусторонним, и для пересечения границы достаточно предъявить удостоверение личности, поэтому это очень неформально.\nПроверьте визу и поставьте штамп в карнете до пересечения границы, где проверят только штампы въезда/выезда.\nОбратите внимание, что большая двухполосная автомагистраль предназначена только для легковых автомобилей и грузовиков, мотоциклам необходимо ехать по меньшей дороге, которая идет параллельно и которая перегружена рикшами."
        },
        "geohash": "tuwxw4w0",
        "updatedat": {
          "_seconds": 1769107913,
          "_nanoseconds": 70000000
        }
      }
    },
    {
      "type": "Feature",
      "geometry": {
        "type": "Point",
        "coordinates": [
          43.2024286,
          41.235148
        ]
      },
      "properties": {
        "id": "zlysr78S8OIhONjFzstt",
        "is_open": 2,
        "name": "Cildir-Aktas / Kartsakhi",
        "countries": "GEO-TUR",
        "location": {
          "_latitude": 41.235148,
          "_longitude": 43.2024286
        },
        "geohash": "szqdx4eh",
        "updatedat": {
          "_seconds": 1769107913,
          "_nanoseconds": 88000000
        }
      }
    }
  ]
}